{
  "type": "FeatureCollection",
  "name": "santa_cruz_decimal",
  "features": [
    {
      "type": "Feature",
      "properties": {
        "Name": "866616",
        "styleUrl": "#m_ylw-pushpin",
        "source_layer": "REPDA Descarga",
        "source_document": "REPDA.csv"
      },
      "geometry": {
        "type": "Point",
        "coordinates": [
          -103.61722233333333,
          20.51444477777778
        ]
      }
    },
    {
      "type": "Feature",
      "properties": {
        "Name": "864848",
        "styleUrl": "#m_ylw-pushpin",
        "source_layer": "REPDA Descarga",
        "source_document": "REPDA.csv"
      },
      "geometry": {
        "type": "Point",
        "coordinates": [
          -103.51611266666667,
          20.44833447222222
        ]
      }
    },
    {
      "type": "Feature",
      "properties": {
        "Name": "863795",
        "styleUrl": "#m_ylw-pushpin",
        "source_layer": "REPDA Descarga",
        "source_document": "REPDA.csv"
      },
      "geometry": {
        "type": "Point",
        "coordinates": [
          -103.56233088888888,
          20.50208611111111
        ]
      }
    },
    {
      "type": "Feature",
      "properties": {
        "Name": "862158",
        "styleUrl": "#m_ylw-pushpin",
        "source_layer": "REPDA Descarga",
        "source_document": "REPDA.csv"
      },
      "geometry": {
        "type": "Point",
        "coordinates": [
          -103.49804888888889,
          20.478836972222222
        ]
      }
    },
    {
      "type": "Feature",
      "properties": {
        "Name": "862625",
        "styleUrl": "#m_ylw-pushpin",
        "source_layer": "REPDA Descarga",
        "source_document": "REPDA.csv"
      },
      "geometry": {
        "type": "Point",
        "coordinates": [
          -103.56799444444444,
          20.497761694444446
        ]
      }
    },
    {
      "type": "Feature",
      "properties": {
        "Name": "861892",
        "styleUrl": "#m_ylw-pushpin",
        "source_layer": "REPDA Descarga",
        "source_document": "REPDA.csv"
      },
      "geometry": {
        "type": "Point",
        "coordinates": [
          -103.5775005,
          20.510556944444446
        ]
      }
    },
    {
      "type": "Feature",
      "properties": {
        "Name": "861254",
        "styleUrl": "#m_ylw-pushpin",
        "source_layer": "REPDA Descarga",
        "source_document": "REPDA.csv"
      },
      "geometry": {
        "type": "Point",
        "coordinates": [
          -103.55722255555555,
          20.463891472222222
        ]
      }
    },
    {
      "type": "Feature",
      "properties": {
        "Name": "860666",
        "styleUrl": "#m_ylw-pushpin",
        "source_layer": "REPDA Descarga",
        "source_document": "REPDA.csv"
      },
      "geometry": {
        "type": "Point",
        "coordinates": [
          -103.56774727777777,
          20.523866944444443
        ]
      }
    },
    {
      "type": "Feature",
      "properties": {
        "Name": "859262",
        "styleUrl": "#m_ylw-pushpin",
        "source_layer": "REPDA Descarga",
        "source_document": "REPDA.csv"
      },
      "geometry": {
        "type": "Point",
        "coordinates": [
          -103.52343105555555,
          20.481616666666664
        ]
      }
    },
    {
      "type": "Feature",
      "properties": {
        "Name": "858341",
        "styleUrl": "#m_ylw-pushpin",
        "source_layer": "REPDA Descarga",
        "source_document": "REPDA.csv"
      },
      "geometry": {
        "type": "Point",
        "coordinates": [
          -103.51543366666667,
          20.48888902777778
        ]
      }
    },
    {
      "type": "Feature",
      "properties": {
        "Name": "857946",
        "styleUrl": "#m_ylw-pushpin",
        "source_layer": "REPDA Descarga",
        "source_document": "REPDA.csv"
      },
      "geometry": {
        "type": "Point",
        "coordinates": [
          -103.50361127777778,
          20.490000138888888
        ]
      }
    },
    {
      "type": "Feature",
      "properties": {
        "Name": "856149",
        "styleUrl": "#m_ylw-pushpin",
        "source_layer": "REPDA Descarga",
        "source_document": "REPDA.csv"
      },
      "geometry": {
        "type": "Point",
        "coordinates": [
          -103.57083349999999,
          20.51250047222222
        ]
      }
    },
    {
      "type": "Feature",
      "properties": {
        "Name": "856442/12IMOC26",
        "styleUrl": "#m_ylw-pushpin",
        "source_layer": "REPDA Descarga",
        "source_document": "REPDA.csv"
      },
      "geometry": {
        "type": "Point",
        "coordinates": [
          -103.49805572222222,
          20.469027916666665
        ]
      }
    },
    {
      "type": "Feature",
      "properties": {
        "Name": "851223",
        "styleUrl": "#m_ylw-pushpin",
        "source_layer": "REPDA Descarga",
        "source_document": "REPDA.csv"
      },
      "geometry": {
        "type": "Point",
        "coordinates": [
          -103.49979461111111,
          20.491721166666668
        ]
      }
    },
    {
      "type": "Feature",
      "properties": {
        "Name": "849844",
        "styleUrl": "#m_ylw-pushpin",
        "source_layer": "REPDA Descarga",
        "source_document": "REPDA.csv"
      },
      "geometry": {
        "type": "Point",
        "coordinates": [
          -103.64741127777778,
          20.52577663888889
        ]
      }
    },
    {
      "type": "Feature",
      "properties": {
        "Name": "850348",
        "styleUrl": "#m_ylw-pushpin",
        "source_layer": "REPDA Descarga",
        "source_document": "REPDA.csv"
      },
      "geometry": {
        "type": "Point",
        "coordinates": [
          -103.5572223611111,
          20.463891277777776
        ]
      }
    },
    {
      "type": "Feature",
      "properties": {
        "Name": "848285",
        "styleUrl": "#m_ylw-pushpin",
        "source_layer": "REPDA Descarga",
        "source_document": "REPDA.csv"
      },
      "geometry": {
        "type": "Point",
        "coordinates": [
          -103.64288913888889,
          20.48747438888889
        ]
      }
    },
    {
      "type": "Feature",
      "properties": {
        "Name": "849873",
        "styleUrl": "#m_ylw-pushpin",
        "source_layer": "REPDA Descarga",
        "source_document": "REPDA.csv"
      },
      "geometry": {
        "type": "Point",
        "coordinates": [
          -103.46400030555556,
          20.496945916666668
        ]
      }
    },
    {
      "type": "Feature",
      "properties": {
        "Name": "849449",
        "styleUrl": "#m_ylw-pushpin",
        "source_layer": "REPDA Descarga",
        "source_document": "REPDA.csv"
      },
      "geometry": {
        "type": "Point",
        "coordinates": [
          -103.561384,
          20.541543861111112
        ]
      }
    },
    {
      "type": "Feature",
      "properties": {
        "Name": "848870",
        "styleUrl": "#m_ylw-pushpin",
        "source_layer": "REPDA Descarga",
        "source_document": "REPDA.csv"
      },
      "geometry": {
        "type": "Point",
        "coordinates": [
          -103.57121422222222,
          20.536959722222225
        ]
      }
    },
    {
      "type": "Feature",
      "properties": {
        "Name": "847440",
        "styleUrl": "#m_ylw-pushpin",
        "source_layer": "REPDA Descarga",
        "source_document": "REPDA.csv"
      },
      "geometry": {
        "type": "Point",
        "coordinates": [
          -103.53888922222222,
          20.4375025
        ]
      }
    },
    {
      "type": "Feature",
      "properties": {
        "Name": "847441",
        "styleUrl": "#m_ylw-pushpin",
        "source_layer": "REPDA Descarga",
        "source_document": "REPDA.csv"
      },
      "geometry": {
        "type": "Point",
        "coordinates": [
          -103.59260327777777,
          20.551852333333333
        ]
      }
    },
    {
      "type": "Feature",
      "properties": {
        "Name": "847735",
        "styleUrl": "#m_ylw-pushpin",
        "source_layer": "REPDA Descarga",
        "source_document": "REPDA.csv"
      },
      "geometry": {
        "type": "Point",
        "coordinates": [
          -103.53000033333333,
          20.467500305555554
        ]
      }
    },
    {
      "type": "Feature",
      "properties": {
        "Name": "847266",
        "styleUrl": "#m_ylw-pushpin",
        "source_layer": "REPDA Descarga",
        "source_document": "REPDA.csv"
      },
      "geometry": {
        "type": "Point",
        "coordinates": [
          -103.49319455555556,
          20.477472944444443
        ]
      }
    },
    {
      "type": "Feature",
      "properties": {
        "Name": "846853",
        "styleUrl": "#m_ylw-pushpin",
        "source_layer": "REPDA Descarga",
        "source_document": "REPDA.csv"
      },
      "geometry": {
        "type": "Point",
        "coordinates": [
          -103.57613294444444,
          20.544521666666668
        ]
      }
    },
    {
      "type": "Feature",
      "properties": {
        "Name": "846854",
        "styleUrl": "#m_ylw-pushpin",
        "source_layer": "REPDA Descarga",
        "source_document": "REPDA.csv"
      },
      "geometry": {
        "type": "Point",
        "coordinates": [
          -103.56156358333332,
          20.558486055555555
        ]
      }
    },
    {
      "type": "Feature",
      "properties": {
        "Name": "846856",
        "styleUrl": "#m_ylw-pushpin",
        "source_layer": "REPDA Descarga",
        "source_document": "REPDA.csv"
      },
      "geometry": {
        "type": "Point",
        "coordinates": [
          -103.48268016666667,
          20.493474472222225
        ]
      }
    },
    {
      "type": "Feature",
      "properties": {
        "Name": "846855",
        "styleUrl": "#m_ylw-pushpin",
        "source_layer": "REPDA Descarga",
        "source_document": "REPDA.csv"
      },
      "geometry": {
        "type": "Point",
        "coordinates": [
          -103.58158355555555,
          20.501219333333335
        ]
      }
    },
    {
      "type": "Feature",
      "properties": {
        "Name": "846857",
        "styleUrl": "#m_ylw-pushpin",
        "source_layer": "REPDA Descarga",
        "source_document": "REPDA.csv"
      },
      "geometry": {
        "type": "Point",
        "coordinates": [
          -103.48565550000001,
          20.547013111111113
        ]
      }
    },
    {
      "type": "Feature",
      "properties": {
        "Name": "847559",
        "styleUrl": "#m_ylw-pushpin",
        "source_layer": "REPDA Descarga",
        "source_document": "REPDA.csv"
      },
      "geometry": {
        "type": "Point",
        "coordinates": [
          -103.49602827777778,
          20.494602027777777
        ]
      }
    },
    {
      "type": "Feature",
      "properties": {
        "Name": "847554",
        "styleUrl": "#m_ylw-pushpin",
        "source_layer": "REPDA Descarga",
        "source_document": "REPDA.csv"
      },
      "geometry": {
        "type": "Point",
        "coordinates": [
          -103.5797531111111,
          20.54262702777778
        ]
      }
    },
    {
      "type": "Feature",
      "properties": {
        "Name": "846307",
        "styleUrl": "#m_ylw-pushpin",
        "source_layer": "REPDA Descarga",
        "source_document": "REPDA.csv"
      },
      "geometry": {
        "type": "Point",
        "coordinates": [
          -103.5388938611111,
          20.495297861111112
        ]
      }
    },
    {
      "type": "Feature",
      "properties": {
        "Name": "845699",
        "styleUrl": "#m_ylw-pushpin",
        "source_layer": "REPDA Descarga",
        "source_document": "REPDA.csv"
      },
      "geometry": {
        "type": "Point",
        "coordinates": [
          -103.57522813888889,
          20.518829805555555
        ]
      }
    },
    {
      "type": "Feature",
      "properties": {
        "Name": "844149",
        "styleUrl": "#m_ylw-pushpin",
        "source_layer": "REPDA Descarga",
        "source_document": "REPDA.csv"
      },
      "geometry": {
        "type": "Point",
        "coordinates": [
          -103.48547402777778,
          20.486660027777777
        ]
      }
    },
    {
      "type": "Feature",
      "properties": {
        "Name": "843076",
        "styleUrl": "#m_ylw-pushpin",
        "source_layer": "REPDA Descarga",
        "source_document": "REPDA.csv"
      },
      "geometry": {
        "type": "Point",
        "coordinates": [
          -103.5996951111111,
          20.538362666666668
        ]
      }
    },
    {
      "type": "Feature",
      "properties": {
        "Name": "842005",
        "styleUrl": "#m_ylw-pushpin",
        "source_layer": "REPDA Descarga",
        "source_document": "REPDA.csv"
      },
      "geometry": {
        "type": "Point",
        "coordinates": [
          -103.46244080555556,
          20.449030027777777
        ]
      }
    },
    {
      "type": "Feature",
      "properties": {
        "Name": "842159",
        "styleUrl": "#m_ylw-pushpin",
        "source_layer": "REPDA Descarga",
        "source_document": "REPDA.csv"
      },
      "geometry": {
        "type": "Point",
        "coordinates": [
          -103.46111377777778,
          20.45418425
        ]
      }
    },
    {
      "type": "Feature",
      "properties": {
        "Name": "841547",
        "styleUrl": "#m_ylw-pushpin",
        "source_layer": "REPDA Descarga",
        "source_document": "REPDA.csv"
      },
      "geometry": {
        "type": "Point",
        "coordinates": [
          -103.486667,
          20.533055694444442
        ]
      }
    },
    {
      "type": "Feature",
      "properties": {
        "Name": "840807",
        "styleUrl": "#m_ylw-pushpin",
        "source_layer": "REPDA Descarga",
        "source_document": "REPDA.csv"
      },
      "geometry": {
        "type": "Point",
        "coordinates": [
          -103.50888633333334,
          20.493236944444444
        ]
      }
    },
    {
      "type": "Feature",
      "properties": {
        "Name": "840588",
        "styleUrl": "#m_ylw-pushpin",
        "source_layer": "REPDA Descarga",
        "source_document": "REPDA.csv"
      },
      "geometry": {
        "type": "Point",
        "coordinates": [
          -103.52222238888889,
          20.554169333333334
        ]
      }
    },
    {
      "type": "Feature",
      "properties": {
        "Name": "839710",
        "styleUrl": "#m_ylw-pushpin",
        "source_layer": "REPDA Descarga",
        "source_document": "REPDA.csv"
      },
      "geometry": {
        "type": "Point",
        "coordinates": [
          -103.56783269444443,
          20.54568916666667
        ]
      }
    },
    {
      "type": "Feature",
      "properties": {
        "Name": "832614",
        "styleUrl": "#m_ylw-pushpin",
        "source_layer": "REPDA Descarga",
        "source_document": "REPDA.csv"
      },
      "geometry": {
        "type": "Point",
        "coordinates": [
          -103.59527824999999,
          20.51777883333333
        ]
      }
    },
    {
      "type": "Feature",
      "properties": {
        "Name": "839455",
        "styleUrl": "#m_ylw-pushpin",
        "source_layer": "REPDA Descarga",
        "source_document": "REPDA.csv"
      },
      "geometry": {
        "type": "Point",
        "coordinates": [
          -103.53781161111111,
          20.481100027777774
        ]
      }
    },
    {
      "type": "Feature",
      "properties": {
        "Name": "838248",
        "styleUrl": "#m_ylw-pushpin",
        "source_layer": "REPDA Descarga",
        "source_document": "REPDA.csv"
      },
      "geometry": {
        "type": "Point",
        "coordinates": [
          -103.55555572222222,
          20.474167444444443
        ]
      }
    },
    {
      "type": "Feature",
      "properties": {
        "Name": "821559",
        "styleUrl": "#m_ylw-pushpin",
        "source_layer": "REPDA Descarga",
        "source_document": "REPDA.csv"
      },
      "geometry": {
        "type": "Point",
        "coordinates": [
          -103.51527794444445,
          20.47527838888889
        ]
      }
    },
    {
      "type": "Feature",
      "properties": {
        "Name": "838942",
        "styleUrl": "#m_ylw-pushpin",
        "source_layer": "REPDA Descarga",
        "source_document": "REPDA.csv"
      },
      "geometry": {
        "type": "Point",
        "coordinates": [
          -103.51418627777778,
          20.459578083333334
        ]
      }
    },
    {
      "type": "Feature",
      "properties": {
        "Name": "822906",
        "styleUrl": "#m_ylw-pushpin",
        "source_layer": "REPDA Descarga",
        "source_document": "REPDA.csv"
      },
      "geometry": {
        "type": "Point",
        "coordinates": [
          -103.5653888611111,
          20.519113916666665
        ]
      }
    },
    {
      "type": "Feature",
      "properties": {
        "Name": "837007",
        "styleUrl": "#m_ylw-pushpin",
        "source_layer": "REPDA Descarga",
        "source_document": "REPDA.csv"
      },
      "geometry": {
        "type": "Point",
        "coordinates": [
          -103.55910838888889,
          20.48846388888889
        ]
      }
    },
    {
      "type": "Feature",
      "properties": {
        "Name": "837006",
        "styleUrl": "#m_ylw-pushpin",
        "source_layer": "REPDA Descarga",
        "source_document": "REPDA.csv"
      },
      "geometry": {
        "type": "Point",
        "coordinates": [
          -103.56223933333332,
          20.489488972222222
        ]
      }
    },
    {
      "type": "Feature",
      "properties": {
        "Name": "834517",
        "styleUrl": "#m_ylw-pushpin",
        "source_layer": "REPDA Descarga",
        "source_document": "REPDA.csv"
      },
      "geometry": {
        "type": "Point",
        "coordinates": [
          -103.5625171388889,
          20.48091625
        ]
      }
    },
    {
      "type": "Feature",
      "properties": {
        "Name": "835703",
        "styleUrl": "#m_ylw-pushpin",
        "source_layer": "REPDA Descarga",
        "source_document": "REPDA.csv"
      },
      "geometry": {
        "type": "Point",
        "coordinates": [
          -103.59388905555555,
          20.50500316666667
        ]
      }
    },
    {
      "type": "Feature",
      "properties": {
        "Name": "812557",
        "styleUrl": "#m_ylw-pushpin",
        "source_layer": "REPDA Descarga",
        "source_document": "REPDA.csv"
      },
      "geometry": {
        "type": "Point",
        "coordinates": [
          -103.62861144444443,
          20.53138936111111
        ]
      }
    },
    {
      "type": "Feature",
      "properties": {
        "Name": "830198",
        "styleUrl": "#m_ylw-pushpin",
        "source_layer": "REPDA Descarga",
        "source_document": "REPDA.csv"
      },
      "geometry": {
        "type": "Point",
        "coordinates": [
          -103.49750033333333,
          20.53570338888889
        ]
      }
    },
    {
      "type": "Feature",
      "properties": {
        "Name": "830200",
        "styleUrl": "#m_ylw-pushpin",
        "source_layer": "REPDA Descarga",
        "source_document": "REPDA.csv"
      },
      "geometry": {
        "type": "Point",
        "coordinates": [
          -103.58585577777777,
          20.500524722222224
        ]
      }
    },
    {
      "type": "Feature",
      "properties": {
        "Name": "830455",
        "styleUrl": "#m_ylw-pushpin",
        "source_layer": "REPDA Descarga",
        "source_document": "REPDA.csv"
      },
      "geometry": {
        "type": "Point",
        "coordinates": [
          -103.56461091666667,
          20.535697583333334
        ]
      }
    },
    {
      "type": "Feature",
      "properties": {
        "Name": "830545",
        "styleUrl": "#m_ylw-pushpin",
        "source_layer": "REPDA Descarga",
        "source_document": "REPDA.csv"
      },
      "geometry": {
        "type": "Point",
        "coordinates": [
          -103.51611161111111,
          20.476390305555555
        ]
      }
    },
    {
      "type": "Feature",
      "properties": {
        "Name": "828129",
        "styleUrl": "#m_ylw-pushpin",
        "source_layer": "REPDA Descarga",
        "source_document": "REPDA.csv"
      },
      "geometry": {
        "type": "Point",
        "coordinates": [
          -103.56638869444444,
          20.461669944444445
        ]
      }
    },
    {
      "type": "Feature",
      "properties": {
        "Name": "827693",
        "styleUrl": "#m_ylw-pushpin",
        "source_layer": "REPDA Descarga",
        "source_document": "REPDA.csv"
      },
      "geometry": {
        "type": "Point",
        "coordinates": [
          -103.45843647222223,
          20.481769916666664
        ]
      }
    },
    {
      "type": "Feature",
      "properties": {
        "Name": "827694",
        "styleUrl": "#m_ylw-pushpin",
        "source_layer": "REPDA Descarga",
        "source_document": "REPDA.csv"
      },
      "geometry": {
        "type": "Point",
        "coordinates": [
          -103.49128363888889,
          20.44515675
        ]
      }
    },
    {
      "type": "Feature",
      "properties": {
        "Name": "824729",
        "styleUrl": "#m_ylw-pushpin",
        "source_layer": "REPDA Descarga",
        "source_document": "REPDA.csv"
      },
      "geometry": {
        "type": "Point",
        "coordinates": [
          -103.55416683333333,
          20.496389416666666
        ]
      }
    },
    {
      "type": "Feature",
      "properties": {
        "Name": "826163",
        "styleUrl": "#m_ylw-pushpin",
        "source_layer": "REPDA Descarga",
        "source_document": "REPDA.csv"
      },
      "geometry": {
        "type": "Point",
        "coordinates": [
          -103.50222222222222,
          20.426669805555555
        ]
      }
    },
    {
      "type": "Feature",
      "properties": {
        "Name": "825232",
        "styleUrl": "#m_ylw-pushpin",
        "source_layer": "REPDA Descarga",
        "source_document": "REPDA.csv"
      },
      "geometry": {
        "type": "Point",
        "coordinates": [
          -103.49998627777778,
          20.442264333333334
        ]
      }
    },
    {
      "type": "Feature",
      "properties": {
        "Name": "825233",
        "styleUrl": "#m_ylw-pushpin",
        "source_layer": "REPDA Descarga",
        "source_document": "REPDA.csv"
      },
      "geometry": {
        "type": "Point",
        "coordinates": [
          -103.65949494444445,
          20.504114166666668
        ]
      }
    },
    {
      "type": "Feature",
      "properties": {
        "Name": "825231",
        "styleUrl": "#m_ylw-pushpin",
        "source_layer": "REPDA Descarga",
        "source_document": "REPDA.csv"
      },
      "geometry": {
        "type": "Point",
        "coordinates": [
          -103.61163897222221,
          20.551392111111113
        ]
      }
    },
    {
      "type": "Feature",
      "properties": {
        "Name": "825251",
        "styleUrl": "#m_ylw-pushpin",
        "source_layer": "REPDA Descarga",
        "source_document": "REPDA.csv"
      },
      "geometry": {
        "type": "Point",
        "coordinates": [
          -103.54541683333333,
          20.43721625
        ]
      }
    },
    {
      "type": "Feature",
      "properties": {
        "Name": "811817",
        "styleUrl": "#m_ylw-pushpin",
        "source_layer": "REPDA Descarga",
        "source_document": "REPDA.csv"
      },
      "geometry": {
        "type": "Point",
        "coordinates": [
          -103.47611161111111,
          20.534722222222225
        ]
      }
    },
    {
      "type": "Feature",
      "properties": {
        "Name": "824263",
        "styleUrl": "#m_ylw-pushpin",
        "source_layer": "REPDA Descarga",
        "source_document": "REPDA.csv"
      },
      "geometry": {
        "type": "Point",
        "coordinates": [
          -103.51861127777778,
          20.447222833333335
        ]
      }
    },
    {
      "type": "Feature",
      "properties": {
        "Name": "824277",
        "styleUrl": "#m_ylw-pushpin",
        "source_layer": "REPDA Descarga",
        "source_document": "REPDA.csv"
      },
      "geometry": {
        "type": "Point",
        "coordinates": [
          -103.51944444444445,
          20.44722275
        ]
      }
    },
    {
      "type": "Feature",
      "properties": {
        "Name": "824362",
        "styleUrl": "#m_ylw-pushpin",
        "source_layer": "REPDA Descarga",
        "source_document": "REPDA.csv"
      },
      "geometry": {
        "type": "Point",
        "coordinates": [
          -103.49638922222222,
          20.469444749999997
        ]
      }
    },
    {
      "type": "Feature",
      "properties": {
        "Name": "823149",
        "styleUrl": "#m_ylw-pushpin",
        "source_layer": "REPDA Descarga",
        "source_document": "REPDA.csv"
      },
      "geometry": {
        "type": "Point",
        "coordinates": [
          -103.56000033333333,
          20.495833333333334
        ]
      }
    },
    {
      "type": "Feature",
      "properties": {
        "Name": "823150",
        "styleUrl": "#m_ylw-pushpin",
        "source_layer": "REPDA Descarga",
        "source_document": "REPDA.csv"
      },
      "geometry": {
        "type": "Point",
        "coordinates": [
          -103.56666716666666,
          20.496666666666666
        ]
      }
    },
    {
      "type": "Feature",
      "properties": {
        "Name": "814549",
        "styleUrl": "#m_ylw-pushpin",
        "source_layer": "REPDA Descarga",
        "source_document": "REPDA.csv"
      },
      "geometry": {
        "type": "Point",
        "coordinates": [
          -103.49138922222222,
          20.514724722222223
        ]
      }
    },
    {
      "type": "Feature",
      "properties": {
        "Name": "821391",
        "styleUrl": "#m_ylw-pushpin",
        "source_layer": "REPDA Descarga",
        "source_document": "REPDA.csv"
      },
      "geometry": {
        "type": "Point",
        "coordinates": [
          -103.48111175,
          20.52748286111111
        ]
      }
    },
    {
      "type": "Feature",
      "properties": {
        "Name": "821392",
        "styleUrl": "#m_ylw-pushpin",
        "source_layer": "REPDA Descarga",
        "source_document": "REPDA.csv"
      },
      "geometry": {
        "type": "Point",
        "coordinates": [
          -103.50886108333333,
          20.493243555555555
        ]
      }
    },
    {
      "type": "Feature",
      "properties": {
        "Name": "814864",
        "styleUrl": "#m_ylw-pushpin",
        "source_layer": "REPDA Descarga",
        "source_document": "REPDA.csv"
      },
      "geometry": {
        "type": "Point",
        "coordinates": [
          -103.45888902777779,
          20.45555838888889
        ]
      }
    },
    {
      "type": "Feature",
      "properties": {
        "Name": "816989",
        "styleUrl": "#m_ylw-pushpin",
        "source_layer": "REPDA Descarga",
        "source_document": "REPDA.csv"
      },
      "geometry": {
        "type": "Point",
        "coordinates": [
          -103.4828835,
          20.487685527777778
        ]
      }
    },
    {
      "type": "Feature",
      "properties": {
        "Name": "819802",
        "styleUrl": "#m_ylw-pushpin",
        "source_layer": "REPDA Descarga",
        "source_document": "REPDA.csv"
      },
      "geometry": {
        "type": "Point",
        "coordinates": [
          -103.50861144444444,
          20.49388902777778
        ]
      }
    },
    {
      "type": "Feature",
      "properties": {
        "Name": "815504",
        "styleUrl": "#m_ylw-pushpin",
        "source_layer": "REPDA Descarga",
        "source_document": "REPDA.csv"
      },
      "geometry": {
        "type": "Point",
        "coordinates": [
          -103.51672255555556,
          20.482388888888888
        ]
      }
    },
    {
      "type": "Feature",
      "properties": {
        "Name": "819836",
        "styleUrl": "#m_ylw-pushpin",
        "source_layer": "REPDA Descarga",
        "source_document": "REPDA.csv"
      },
      "geometry": {
        "type": "Point",
        "coordinates": [
          -103.50752788888889,
          20.529391194444443
        ]
      }
    },
    {
      "type": "Feature",
      "properties": {
        "Name": "819039",
        "styleUrl": "#m_ylw-pushpin",
        "source_layer": "REPDA Descarga",
        "source_document": "REPDA.csv"
      },
      "geometry": {
        "type": "Point",
        "coordinates": [
          -103.48111127777779,
          20.527475194444442
        ]
      }
    },
    {
      "type": "Feature",
      "properties": {
        "Name": "812892",
        "styleUrl": "#m_ylw-pushpin",
        "source_layer": "REPDA Descarga",
        "source_document": "REPDA.csv"
      },
      "geometry": {
        "type": "Point",
        "coordinates": [
          -103.47613936111111,
          20.524945027777775
        ]
      }
    },
    {
      "type": "Feature",
      "properties": {
        "Name": "812893",
        "styleUrl": "#m_ylw-pushpin",
        "source_layer": "REPDA Descarga",
        "source_document": "REPDA.csv"
      },
      "geometry": {
        "type": "Point",
        "coordinates": [
          -103.55497805555555,
          20.50963388888889
        ]
      }
    },
    {
      "type": "Feature",
      "properties": {
        "Name": "812894",
        "styleUrl": "#m_ylw-pushpin",
        "source_layer": "REPDA Descarga",
        "source_document": "REPDA.csv"
      },
      "geometry": {
        "type": "Point",
        "coordinates": [
          -103.62667269444444,
          20.546664638888892
        ]
      }
    },
    {
      "type": "Feature",
      "properties": {
        "Name": "812895",
        "styleUrl": "#m_ylw-pushpin",
        "source_layer": "REPDA Descarga",
        "source_document": "REPDA.csv"
      },
      "geometry": {
        "type": "Point",
        "coordinates": [
          -103.57597824999999,
          20.52444472222222
        ]
      }
    },
    {
      "type": "Feature",
      "properties": {
        "Name": "817131",
        "styleUrl": "#m_ylw-pushpin",
        "source_layer": "REPDA Descarga",
        "source_document": "REPDA.csv"
      },
      "geometry": {
        "type": "Point",
        "coordinates": [
          -103.6061116111111,
          20.533336472222224
        ]
      }
    },
    {
      "type": "Feature",
      "properties": {
        "Name": "817344",
        "styleUrl": "#m_ylw-pushpin",
        "source_layer": "REPDA Descarga",
        "source_document": "REPDA.csv"
      },
      "geometry": {
        "type": "Point",
        "coordinates": [
          -103.58333355555555,
          20.504169055555554
        ]
      }
    },
    {
      "type": "Feature",
      "properties": {
        "Name": "08JAL162071/12AMDA19",
        "styleUrl": "#m_ylw-pushpin",
        "source_layer": "REPDA Descarga",
        "source_document": "REPDA.csv"
      },
      "geometry": {
        "type": "Point",
        "coordinates": [
          -103.49083333333333,
          20.477777777777778
        ]
      }
    },
    {
      "type": "Feature",
      "properties": {
        "Name": "08JAL162166/14AMDA19",
        "styleUrl": "#m_ylw-pushpin",
        "source_layer": "REPDA Descarga",
        "source_document": "REPDA.csv"
      },
      "geometry": {
        "type": "Point",
        "coordinates": [
          -103.78999999999999,
          20.39638888888889
        ]
      }
    },
    {
      "type": "Feature",
      "properties": {
        "Name": "08JAL162045/12GPDA19",
        "styleUrl": "#m_ylw-pushpin",
        "source_layer": "REPDA Descarga",
        "source_document": "REPDA.csv"
      },
      "geometry": {
        "type": "Point",
        "coordinates": [
          -103.52527777777777,
          20.448611111111113
        ]
      }
    },
    {
      "type": "Feature",
      "properties": {
        "Name": "08JAL161857/12APDA19",
        "styleUrl": "#m_ylw-pushpin",
        "source_layer": "REPDA Descarga",
        "source_document": "REPDA.csv"
      },
      "geometry": {
        "type": "Point",
        "coordinates": [
          -103.68944444444445,
          20.353611111111114
        ]
      }
    },
    {
      "type": "Feature",
      "properties": {
        "Name": "08JAL161789/12IPDA18",
        "styleUrl": "#m_ylw-pushpin",
        "source_layer": "REPDA Descarga",
        "source_document": "REPDA.csv"
      },
      "geometry": {
        "type": "Point",
        "coordinates": [
          -103.49944444444445,
          20.469166666666666
        ]
      }
    },
    {
      "type": "Feature",
      "properties": {
        "Name": "08JAL161685/14AMDA18",
        "styleUrl": "#m_ylw-pushpin",
        "source_layer": "REPDA Descarga",
        "source_document": "REPDA.csv"
      },
      "geometry": {
        "type": "Point",
        "coordinates": [
          -104.01833333333333,
          20.533611111111114
        ]
      }
    },
    {
      "type": "Feature",
      "properties": {
        "Name": "08JAL161610/12AMDA18",
        "styleUrl": "#m_ylw-pushpin",
        "source_layer": "REPDA Descarga",
        "source_document": "REPDA.csv"
      },
      "geometry": {
        "type": "Point",
        "coordinates": [
          -103.57805555555555,
          20.552500000000002
        ]
      }
    },
    {
      "type": "Feature",
      "properties": {
        "Name": "08JAL161661/14AMDA18",
        "styleUrl": "#m_ylw-pushpin",
        "source_layer": "REPDA Descarga",
        "source_document": "REPDA.csv"
      },
      "geometry": {
        "type": "Point",
        "coordinates": [
          -103.82833333333333,
          20.45138888888889
        ]
      }
    },
    {
      "type": "Feature",
      "properties": {
        "Name": "08JAL161662/14AMDA18",
        "styleUrl": "#m_ylw-pushpin",
        "source_layer": "REPDA Descarga",
        "source_document": "REPDA.csv"
      },
      "geometry": {
        "type": "Point",
        "coordinates": [
          -103.84027777777777,
          20.455555555555556
        ]
      }
    },
    {
      "type": "Feature",
      "properties": {
        "Name": "08JAL161567/12EMDA18",
        "styleUrl": "#m_ylw-pushpin",
        "source_layer": "REPDA Descarga",
        "source_document": "REPDA.csv"
      },
      "geometry": {
        "type": "Point",
        "coordinates": [
          -103.49852777777778,
          20.488833333333336
        ]
      }
    },
    {
      "type": "Feature",
      "properties": {
        "Name": "08JAL161049/12AMDA18",
        "styleUrl": "#m_ylw-pushpin",
        "source_layer": "REPDA Descarga",
        "source_document": "REPDA.csv"
      },
      "geometry": {
        "type": "Point",
        "coordinates": [
          -103.46908333333333,
          20.451944444444443
        ]
      }
    },
    {
      "type": "Feature",
      "properties": {
        "Name": "08JAL161502/12APDA18",
        "styleUrl": "#m_ylw-pushpin",
        "source_layer": "REPDA Descarga",
        "source_document": "REPDA.csv"
      },
      "geometry": {
        "type": "Point",
        "coordinates": [
          -103.33944444444444,
          20.429444444444446
        ]
      }
    },
    {
      "type": "Feature",
      "properties": {
        "Name": "08JAL161501/12AMDA18",
        "styleUrl": "#m_ylw-pushpin",
        "source_layer": "REPDA Descarga",
        "source_document": "REPDA.csv"
      },
      "geometry": {
        "type": "Point",
        "coordinates": [
          -103.56333333333333,
          20.497777777777777
        ]
      }
    },
    {
      "type": "Feature",
      "properties": {
        "Name": "08JAL161479/12EMDA18",
        "styleUrl": "#m_ylw-pushpin",
        "source_layer": "REPDA Descarga",
        "source_document": "REPDA.csv"
      },
      "geometry": {
        "type": "Point",
        "coordinates": [
          -103.48555555555555,
          20.49416666666667
        ]
      }
    },
    {
      "type": "Feature",
      "properties": {
        "Name": "08JAL161365/12AMDA18",
        "styleUrl": "#m_ylw-pushpin",
        "source_layer": "REPDA Descarga",
        "source_document": "REPDA.csv"
      },
      "geometry": {
        "type": "Point",
        "coordinates": [
          -103.57,
          20.498611111111114
        ]
      }
    },
    {
      "type": "Feature",
      "properties": {
        "Name": "JAL161375",
        "styleUrl": "#m_ylw-pushpin",
        "source_layer": "REPDA Descarga",
        "source_document": "REPDA.csv"
      },
      "geometry": {
        "type": "Point",
        "coordinates": [
          -103.5786111111111,
          20.498611111111114
        ]
      }
    },
    {
      "type": "Feature",
      "properties": {
        "Name": "JAL161354",
        "styleUrl": "#m_ylw-pushpin",
        "source_layer": "REPDA Descarga",
        "source_document": "REPDA.csv"
      },
      "geometry": {
        "type": "Point",
        "coordinates": [
          -103.57249999999999,
          20.602222222222224
        ]
      }
    },
    {
      "type": "Feature",
      "properties": {
        "Name": "08JAL161120/14IMDA18",
        "styleUrl": "#m_ylw-pushpin",
        "source_layer": "REPDA Descarga",
        "source_document": "REPDA.csv"
      },
      "geometry": {
        "type": "Point",
        "coordinates": [
          -103.59861111111111,
          20.550833333333333
        ]
      }
    },
    {
      "type": "Feature",
      "properties": {
        "Name": "08JAL161166/12APDA18",
        "styleUrl": "#m_ylw-pushpin",
        "source_layer": "REPDA Descarga",
        "source_document": "REPDA.csv"
      },
      "geometry": {
        "type": "Point",
        "coordinates": [
          -103.56944444444444,
          20.5125
        ]
      }
    },
    {
      "type": "Feature",
      "properties": {
        "Name": "08JAL161300/12APDA18",
        "styleUrl": "#m_ylw-pushpin",
        "source_layer": "REPDA Descarga",
        "source_document": "REPDA.csv"
      },
      "geometry": {
        "type": "Point",
        "coordinates": [
          -103.59555555555555,
          20.416666666666668
        ]
      }
    },
    {
      "type": "Feature",
      "properties": {
        "Name": "JAL160998",
        "styleUrl": "#m_ylw-pushpin",
        "source_layer": "REPDA Descarga",
        "source_document": "REPDA.csv"
      },
      "geometry": {
        "type": "Point",
        "coordinates": [
          -103.48666666666666,
          20.482499999999998
        ]
      }
    },
    {
      "type": "Feature",
      "properties": {
        "Name": "08JAL161002/12IMDA18",
        "styleUrl": "#m_ylw-pushpin",
        "source_layer": "REPDA Descarga",
        "source_document": "REPDA.csv"
      },
      "geometry": {
        "type": "Point",
        "coordinates": [
          -103.5761111111111,
          20.42777777777778
        ]
      }
    },
    {
      "type": "Feature",
      "properties": {
        "Name": "08JAL160930/12APDA18",
        "styleUrl": "#m_ylw-pushpin",
        "source_layer": "REPDA Descarga",
        "source_document": "REPDA.csv"
      },
      "geometry": {
        "type": "Point",
        "coordinates": [
          -103.80749999999999,
          20.379444444444445
        ]
      }
    },
    {
      "type": "Feature",
      "properties": {
        "Name": "08JAL160844/14AMDA18",
        "styleUrl": "#m_ylw-pushpin",
        "source_layer": "REPDA Descarga",
        "source_document": "REPDA.csv"
      },
      "geometry": {
        "type": "Point",
        "coordinates": [
          -103.59388888888888,
          20.56388888888889
        ]
      }
    },
    {
      "type": "Feature",
      "properties": {
        "Name": "08JAL160772/12APDA18",
        "styleUrl": "#m_ylw-pushpin",
        "source_layer": "REPDA Descarga",
        "source_document": "REPDA.csv"
      },
      "geometry": {
        "type": "Point",
        "coordinates": [
          -103.5111111111111,
          20.471666666666664
        ]
      }
    },
    {
      "type": "Feature",
      "properties": {
        "Name": "08JAL160719/12AMDA18",
        "styleUrl": "#m_ylw-pushpin",
        "source_layer": "REPDA Descarga",
        "source_document": "REPDA.csv"
      },
      "geometry": {
        "type": "Point",
        "coordinates": [
          -103.62527777777777,
          20.311944444444446
        ]
      }
    },
    {
      "type": "Feature",
      "properties": {
        "Name": "08JAL160682/12EMDA18",
        "styleUrl": "#m_ylw-pushpin",
        "source_layer": "REPDA Descarga",
        "source_document": "REPDA.csv"
      },
      "geometry": {
        "type": "Point",
        "coordinates": [
          -103.48666666666666,
          20.492222222222225
        ]
      }
    },
    {
      "type": "Feature",
      "properties": {
        "Name": "08JAL160564/12AMDA18",
        "styleUrl": "#m_ylw-pushpin",
        "source_layer": "REPDA Descarga",
        "source_document": "REPDA.csv"
      },
      "geometry": {
        "type": "Point",
        "coordinates": [
          -103.50138888888888,
          20.440833333333334
        ]
      }
    },
    {
      "type": "Feature",
      "properties": {
        "Name": "JAL155863",
        "styleUrl": "#m_ylw-pushpin",
        "source_layer": "REPDA Descarga",
        "source_document": "REPDA.csv"
      },
      "geometry": {
        "type": "Point",
        "coordinates": [
          -103.51583333333333,
          20.454166666666666
        ]
      }
    },
    {
      "type": "Feature",
      "properties": {
        "Name": "08JAL160971/12EMDA18",
        "styleUrl": "#m_ylw-pushpin",
        "source_layer": "REPDA Descarga",
        "source_document": "REPDA.csv"
      },
      "geometry": {
        "type": "Point",
        "coordinates": [
          -103.50025,
          20.462722222222222
        ]
      }
    },
    {
      "type": "Feature",
      "properties": {
        "Name": "JAL160112",
        "styleUrl": "#m_ylw-pushpin",
        "source_layer": "REPDA Descarga",
        "source_document": "REPDA.csv"
      },
      "geometry": {
        "type": "Point",
        "coordinates": [
          -103.57250049999999,
          20.46194663888889
        ]
      }
    },
    {
      "type": "Feature",
      "properties": {
        "Name": "08JAL156913/12EMDA17",
        "styleUrl": "#m_ylw-pushpin",
        "source_layer": "REPDA Descarga",
        "source_document": "REPDA.csv"
      },
      "geometry": {
        "type": "Point",
        "coordinates": [
          -103.50419444444445,
          20.471083333333333
        ]
      }
    },
    {
      "type": "Feature",
      "properties": {
        "Name": "08JAL156902/12AMDA17",
        "styleUrl": "#m_ylw-pushpin",
        "source_layer": "REPDA Descarga",
        "source_document": "REPDA.csv"
      },
      "geometry": {
        "type": "Point",
        "coordinates": [
          -103.66305555555556,
          20.494722222222222
        ]
      }
    },
    {
      "type": "Feature",
      "properties": {
        "Name": "JAL156901",
        "styleUrl": "#m_ylw-pushpin",
        "source_layer": "REPDA Descarga",
        "source_document": "REPDA.csv"
      },
      "geometry": {
        "type": "Point",
        "coordinates": [
          -103.52388922222222,
          20.437223777777778
        ]
      }
    },
    {
      "type": "Feature",
      "properties": {
        "Name": "08JAL160134/12AMDA17",
        "styleUrl": "#m_ylw-pushpin",
        "source_layer": "REPDA Descarga",
        "source_document": "REPDA.csv"
      },
      "geometry": {
        "type": "Point",
        "coordinates": [
          -103.59638888888888,
          20.55666666666667
        ]
      }
    },
    {
      "type": "Feature",
      "properties": {
        "Name": "08JAL160158/12IMDA17",
        "styleUrl": "#m_ylw-pushpin",
        "source_layer": "REPDA Descarga",
        "source_document": "REPDA.csv"
      },
      "geometry": {
        "type": "Point",
        "coordinates": [
          -103.55886111111111,
          20.53013888888889
        ]
      }
    },
    {
      "type": "Feature",
      "properties": {
        "Name": "08JAL157059/12APDA17",
        "styleUrl": "#m_ylw-pushpin",
        "source_layer": "REPDA Descarga",
        "source_document": "REPDA.csv"
      },
      "geometry": {
        "type": "Point",
        "coordinates": [
          -103.49527777777777,
          20.549722222222226
        ]
      }
    },
    {
      "type": "Feature",
      "properties": {
        "Name": "08JAL159969/12EMDA17",
        "styleUrl": "#m_ylw-pushpin",
        "source_layer": "REPDA Descarga",
        "source_document": "REPDA.csv"
      },
      "geometry": {
        "type": "Point",
        "coordinates": [
          -103.48252777777778,
          20.523722222222222
        ]
      }
    },
    {
      "type": "Feature",
      "properties": {
        "Name": "08JAL156973/12IMDA17",
        "styleUrl": "#m_ylw-pushpin",
        "source_layer": "REPDA Descarga",
        "source_document": "REPDA.csv"
      },
      "geometry": {
        "type": "Point",
        "coordinates": [
          -103.48194444444445,
          20.468888888888888
        ]
      }
    },
    {
      "type": "Feature",
      "properties": {
        "Name": "08JAL160174",
        "styleUrl": "#m_ylw-pushpin",
        "source_layer": "REPDA Descarga",
        "source_document": "REPDA.csv"
      },
      "geometry": {
        "type": "Point",
        "coordinates": [
          -103.46111175,
          20.454172305555556
        ]
      }
    },
    {
      "type": "Feature",
      "properties": {
        "Name": "08JAL160043",
        "styleUrl": "#m_ylw-pushpin",
        "source_layer": "REPDA Descarga",
        "source_document": "REPDA.csv"
      },
      "geometry": {
        "type": "Point",
        "coordinates": [
          -103.48563941666667,
          20.547003083333333
        ]
      }
    },
    {
      "type": "Feature",
      "properties": {
        "Name": "JAL155585",
        "styleUrl": "#m_ylw-pushpin",
        "source_layer": "REPDA Descarga",
        "source_document": "REPDA.csv"
      },
      "geometry": {
        "type": "Point",
        "coordinates": [
          -103.57111111111111,
          20.516861111111112
        ]
      }
    },
    {
      "type": "Feature",
      "properties": {
        "Name": "08JAL156953/12AMDA17",
        "styleUrl": "#m_ylw-pushpin",
        "source_layer": "REPDA Descarga",
        "source_document": "REPDA.csv"
      },
      "geometry": {
        "type": "Point",
        "coordinates": [
          -103.51319444444445,
          20.52722222222222
        ]
      }
    },
    {
      "type": "Feature",
      "properties": {
        "Name": "JAL156910",
        "styleUrl": "#m_ylw-pushpin",
        "source_layer": "REPDA Descarga",
        "source_document": "REPDA.csv"
      },
      "geometry": {
        "type": "Point",
        "coordinates": [
          -103.45975,
          20.455583333333333
        ]
      }
    },
    {
      "type": "Feature",
      "properties": {
        "Name": "08JAL156294/12EMDA17",
        "styleUrl": "#m_ylw-pushpin",
        "source_layer": "REPDA Descarga",
        "source_document": "REPDA.csv"
      },
      "geometry": {
        "type": "Point",
        "coordinates": [
          -103.5025,
          20.56861111111111
        ]
      }
    },
    {
      "type": "Feature",
      "properties": {
        "Name": "08JAL137675/12AMDA18",
        "styleUrl": "#m_ylw-pushpin",
        "source_layer": "REPDA Descarga",
        "source_document": "REPDA.csv"
      },
      "geometry": {
        "type": "Point",
        "coordinates": [
          -103.52416666666666,
          20.535555555555558
        ]
      }
    },
    {
      "type": "Feature",
      "properties": {
        "Name": "08JAL133920/12EMOC11",
        "styleUrl": "#m_ylw-pushpin",
        "source_layer": "REPDA Descarga",
        "source_document": "REPDA.csv"
      },
      "geometry": {
        "type": "Point",
        "coordinates": [
          -103.59644444444444,
          20.508333333333333
        ]
      }
    },
    {
      "type": "Feature",
      "properties": {
        "Name": "08JAL134100/12AMDA18",
        "styleUrl": "#m_ylw-pushpin",
        "source_layer": "REPDA Descarga",
        "source_document": "REPDA.csv"
      },
      "geometry": {
        "type": "Point",
        "coordinates": [
          -103.50847222222222,
          20.54180555555556
        ]
      }
    },
    {
      "type": "Feature",
      "properties": {
        "Name": "08JAL134101/12AMOC11",
        "styleUrl": "#m_ylw-pushpin",
        "source_layer": "REPDA Descarga",
        "source_document": "REPDA.csv"
      },
      "geometry": {
        "type": "Point",
        "coordinates": [
          -103.49497222222222,
          20.547027777777778
        ]
      }
    },
    {
      "type": "Feature",
      "properties": {
        "Name": "08JAL134102",
        "styleUrl": "#m_ylw-pushpin",
        "source_layer": "REPDA Descarga",
        "source_document": "REPDA.csv"
      },
      "geometry": {
        "type": "Point",
        "coordinates": [
          -103.49136122222222,
          20.476944083333333
        ]
      }
    },
    {
      "type": "Feature",
      "properties": {
        "Name": "JAL134204",
        "styleUrl": "#m_ylw-pushpin",
        "source_layer": "REPDA Descarga",
        "source_document": "REPDA.csv"
      },
      "geometry": {
        "type": "Point",
        "coordinates": [
          -103.56222238888888,
          20.49639202777778
        ]
      }
    },
    {
      "type": "Feature",
      "properties": {
        "Name": "08JAL135370/12AMOC12",
        "styleUrl": "#m_ylw-pushpin",
        "source_layer": "REPDA Descarga",
        "source_document": "REPDA.csv"
      },
      "geometry": {
        "type": "Point",
        "coordinates": [
          -103.56099999999999,
          20.492416666666667
        ]
      }
    },
    {
      "type": "Feature",
      "properties": {
        "Name": "08JAL136046/12AMDA18",
        "styleUrl": "#m_ylw-pushpin",
        "source_layer": "REPDA Descarga",
        "source_document": "REPDA.csv"
      },
      "geometry": {
        "type": "Point",
        "coordinates": [
          -103.49527777777777,
          20.477777777777778
        ]
      }
    },
    {
      "type": "Feature",
      "properties": {
        "Name": "08JAL132996/12EMOC12",
        "styleUrl": "#m_ylw-pushpin",
        "source_layer": "REPDA Descarga",
        "source_document": "REPDA.csv"
      },
      "geometry": {
        "type": "Point",
        "coordinates": [
          -103.56305555555555,
          20.463055555555556
        ]
      }
    },
    {
      "type": "Feature",
      "properties": {
        "Name": "08JAL133025/12AMOC12",
        "styleUrl": "#m_ylw-pushpin",
        "source_layer": "REPDA Descarga",
        "source_document": "REPDA.csv"
      },
      "geometry": {
        "type": "Point",
        "coordinates": [
          -103.53888888888889,
          20.434444444444445
        ]
      }
    },
    {
      "type": "Feature",
      "properties": {
        "Name": "08JAL131613/12AMDA18",
        "styleUrl": "#m_ylw-pushpin",
        "source_layer": "REPDA Descarga",
        "source_document": "REPDA.csv"
      },
      "geometry": {
        "type": "Point",
        "coordinates": [
          -103.64130555555556,
          20.51161111111111
        ]
      }
    },
    {
      "type": "Feature",
      "properties": {
        "Name": "08JAL131618/12AMDA18",
        "styleUrl": "#m_ylw-pushpin",
        "source_layer": "REPDA Descarga",
        "source_document": "REPDA.csv"
      },
      "geometry": {
        "type": "Point",
        "coordinates": [
          -103.48138888888889,
          20.46361111111111
        ]
      }
    },
    {
      "type": "Feature",
      "properties": {
        "Name": "08JAL132995/12AMDA17",
        "styleUrl": "#m_ylw-pushpin",
        "source_layer": "REPDA Descarga",
        "source_document": "REPDA.csv"
      },
      "geometry": {
        "type": "Point",
        "coordinates": [
          -103.58416666666666,
          20.548333333333336
        ]
      }
    },
    {
      "type": "Feature",
      "properties": {
        "Name": "JAL134809",
        "styleUrl": "#m_ylw-pushpin",
        "source_layer": "REPDA Descarga",
        "source_document": "REPDA.csv"
      },
      "geometry": {
        "type": "Point",
        "coordinates": [
          -103.56805555555555,
          20.490555555555556
        ]
      }
    },
    {
      "type": "Feature",
      "properties": {
        "Name": "JAL138213",
        "styleUrl": "#m_ylw-pushpin",
        "source_layer": "REPDA Descarga",
        "source_document": "REPDA.csv"
      },
      "geometry": {
        "type": "Point",
        "coordinates": [
          -103.56722222222221,
          20.51888888888889
        ]
      }
    },
    {
      "type": "Feature",
      "properties": {
        "Name": "08JAL135935/12GMOC09",
        "styleUrl": "#m_ylw-pushpin",
        "source_layer": "REPDA Descarga",
        "source_document": "REPDA.csv"
      },
      "geometry": {
        "type": "Point",
        "coordinates": [
          -103.56027777777777,
          20.47472222222222
        ]
      }
    },
    {
      "type": "Feature",
      "properties": {
        "Name": "08JAL133876/12FPOC26",
        "styleUrl": "#m_ylw-pushpin",
        "source_layer": "REPDA Descarga",
        "source_document": "REPDA.csv"
      },
      "geometry": {
        "type": "Point",
        "coordinates": [
          -103.49777777777778,
          20.481666666666666
        ]
      }
    },
    {
      "type": "Feature",
      "properties": {
        "Name": "JAL137311",
        "styleUrl": "#m_ylw-pushpin",
        "source_layer": "REPDA Descarga",
        "source_document": "REPDA.csv"
      },
      "geometry": {
        "type": "Point",
        "coordinates": [
          -103.65400094444445,
          20.515720277777778
        ]
      }
    },
    {
      "type": "Feature",
      "properties": {
        "Name": "08JAL134422/14AMOC09",
        "styleUrl": "#m_ylw-pushpin",
        "source_layer": "REPDA Descarga",
        "source_document": "REPDA.csv"
      },
      "geometry": {
        "type": "Point",
        "coordinates": [
          -103.57472222222222,
          20.538611111111113
        ]
      }
    },
    {
      "type": "Feature",
      "properties": {
        "Name": "JAL134005",
        "styleUrl": "#m_ylw-pushpin",
        "source_layer": "REPDA Descarga",
        "source_document": "REPDA.csv"
      },
      "geometry": {
        "type": "Point",
        "coordinates": [
          -103.64499980555556,
          20.508614083333335
        ]
      }
    },
    {
      "type": "Feature",
      "properties": {
        "Name": "08JAL136876",
        "styleUrl": "#m_ylw-pushpin",
        "source_layer": "REPDA Descarga",
        "source_document": "REPDA.csv"
      },
      "geometry": {
        "type": "Point",
        "coordinates": [
          -103.52777825,
          20.533333972222223
        ]
      }
    },
    {
      "type": "Feature",
      "properties": {
        "Name": "08JAL136091/12FPDA17",
        "styleUrl": "#m_ylw-pushpin",
        "source_layer": "REPDA Descarga",
        "source_document": "REPDA.csv"
      },
      "geometry": {
        "type": "Point",
        "coordinates": [
          -103.56666666666666,
          20.496666666666666
        ]
      }
    },
    {
      "type": "Feature",
      "properties": {
        "Name": "08JAL136059/12AMOC09",
        "styleUrl": "#m_ylw-pushpin",
        "source_layer": "REPDA Descarga",
        "source_document": "REPDA.csv"
      },
      "geometry": {
        "type": "Point",
        "coordinates": [
          -103.56944444444444,
          20.509166666666665
        ]
      }
    },
    {
      "type": "Feature",
      "properties": {
        "Name": "JAL136094",
        "styleUrl": "#m_ylw-pushpin",
        "source_layer": "REPDA Descarga",
        "source_document": "REPDA.csv"
      },
      "geometry": {
        "type": "Point",
        "coordinates": [
          -103.54472222222222,
          20.466944444444444
        ]
      }
    },
    {
      "type": "Feature",
      "properties": {
        "Name": "JAL136096",
        "styleUrl": "#m_ylw-pushpin",
        "source_layer": "REPDA Descarga",
        "source_document": "REPDA.csv"
      },
      "geometry": {
        "type": "Point",
        "coordinates": [
          -103.54861111111111,
          20.46944444444444
        ]
      }
    },
    {
      "type": "Feature",
      "properties": {
        "Name": "JAL136097",
        "styleUrl": "#m_ylw-pushpin",
        "source_layer": "REPDA Descarga",
        "source_document": "REPDA.csv"
      },
      "geometry": {
        "type": "Point",
        "coordinates": [
          -103.44805588888889,
          20.485834583333336
        ]
      }
    },
    {
      "type": "Feature",
      "properties": {
        "Name": "08JAL135798/12APOC09",
        "styleUrl": "#m_ylw-pushpin",
        "source_layer": "REPDA Descarga",
        "source_document": "REPDA.csv"
      },
      "geometry": {
        "type": "Point",
        "coordinates": [
          -103.74719444444445,
          20.483333333333334
        ]
      }
    },
    {
      "type": "Feature",
      "properties": {
        "Name": "08JAL133781/14IMOC09",
        "styleUrl": "#m_ylw-pushpin",
        "source_layer": "REPDA Descarga",
        "source_document": "REPDA.csv"
      },
      "geometry": {
        "type": "Point",
        "coordinates": [
          -103.57805555555555,
          20.543333333333337
        ]
      }
    },
    {
      "type": "Feature",
      "properties": {
        "Name": "JAL134425",
        "styleUrl": "#m_ylw-pushpin",
        "source_layer": "REPDA Descarga",
        "source_document": "REPDA.csv"
      },
      "geometry": {
        "type": "Point",
        "coordinates": [
          -103.50152858333334,
          20.447279805555556
        ]
      }
    },
    {
      "type": "Feature",
      "properties": {
        "Name": "08JAL133613/12AMOC09",
        "styleUrl": "#m_ylw-pushpin",
        "source_layer": "REPDA Descarga",
        "source_document": "REPDA.csv"
      },
      "geometry": {
        "type": "Point",
        "coordinates": [
          -103.505,
          20.478888888888886
        ]
      }
    },
    {
      "type": "Feature",
      "properties": {
        "Name": "08JAL133620",
        "styleUrl": "#m_ylw-pushpin",
        "source_layer": "REPDA Descarga",
        "source_document": "REPDA.csv"
      },
      "geometry": {
        "type": "Point",
        "coordinates": [
          -103.64124719444445,
          20.488374722222222
        ]
      }
    },
    {
      "type": "Feature",
      "properties": {
        "Name": "08JAL133567/14AMOC09",
        "styleUrl": "#m_ylw-pushpin",
        "source_layer": "REPDA Descarga",
        "source_document": "REPDA.csv"
      },
      "geometry": {
        "type": "Point",
        "coordinates": [
          -103.62194444444444,
          20.50638888888889
        ]
      }
    },
    {
      "type": "Feature",
      "properties": {
        "Name": "08JAL132613/12APOC08",
        "styleUrl": "#m_ylw-pushpin",
        "source_layer": "REPDA Descarga",
        "source_document": "REPDA.csv"
      },
      "geometry": {
        "type": "Point",
        "coordinates": [
          -103.48416666666667,
          20.448888888888888
        ]
      }
    },
    {
      "type": "Feature",
      "properties": {
        "Name": "08JAL132253/12FMOC08",
        "styleUrl": "#m_ylw-pushpin",
        "source_layer": "REPDA Descarga",
        "source_document": "REPDA.csv"
      },
      "geometry": {
        "type": "Point",
        "coordinates": [
          -103.49444444444444,
          20.48611111111111
        ]
      }
    },
    {
      "type": "Feature",
      "properties": {
        "Name": "08JAL132612/12APDA16",
        "styleUrl": "#m_ylw-pushpin",
        "source_layer": "REPDA Descarga",
        "source_document": "REPDA.csv"
      },
      "geometry": {
        "type": "Point",
        "coordinates": [
          -103.62816666666666,
          20.53366666666667
        ]
      }
    },
    {
      "type": "Feature",
      "properties": {
        "Name": "08JAL132031/12EMDA18",
        "styleUrl": "#m_ylw-pushpin",
        "source_layer": "REPDA Descarga",
        "source_document": "REPDA.csv"
      },
      "geometry": {
        "type": "Point",
        "coordinates": [
          -103.49055555555556,
          20.549166666666668
        ]
      }
    },
    {
      "type": "Feature",
      "properties": {
        "Name": "JAL130941",
        "styleUrl": "#m_ylw-pushpin",
        "source_layer": "REPDA Descarga",
        "source_document": "REPDA.csv"
      },
      "geometry": {
        "type": "Point",
        "coordinates": [
          -103.58944444444444,
          20.516944444444444
        ]
      }
    },
    {
      "type": "Feature",
      "properties": {
        "Name": "08JAL131337/12AMOC09",
        "styleUrl": "#m_ylw-pushpin",
        "source_layer": "REPDA Descarga",
        "source_document": "REPDA.csv"
      },
      "geometry": {
        "type": "Point",
        "coordinates": [
          -103.46472222222222,
          20.519444444444442
        ]
      }
    },
    {
      "type": "Feature",
      "properties": {
        "Name": "JAL130818",
        "styleUrl": "#m_ylw-pushpin",
        "source_layer": "REPDA Descarga",
        "source_document": "REPDA.csv"
      },
      "geometry": {
        "type": "Point",
        "coordinates": [
          -103.52861127777777,
          20.4363895
        ]
      }
    },
    {
      "type": "Feature",
      "properties": {
        "Name": "JAL130873",
        "styleUrl": "#m_ylw-pushpin",
        "source_layer": "REPDA Descarga",
        "source_document": "REPDA.csv"
      },
      "geometry": {
        "type": "Point",
        "coordinates": [
          -103.64916666666667,
          20.498055555555556
        ]
      }
    },
    {
      "type": "Feature",
      "properties": {
        "Name": "JAL130974",
        "styleUrl": "#m_ylw-pushpin",
        "source_layer": "REPDA Descarga",
        "source_document": "REPDA.csv"
      },
      "geometry": {
        "type": "Point",
        "coordinates": [
          -103.6275,
          20.505555555555556
        ]
      }
    },
    {
      "type": "Feature",
      "properties": {
        "Name": "JAL130894",
        "styleUrl": "#m_ylw-pushpin",
        "source_layer": "REPDA Descarga",
        "source_document": "REPDA.csv"
      },
      "geometry": {
        "type": "Point",
        "coordinates": [
          -103.58305555555555,
          20.540833333333335
        ]
      }
    },
    {
      "type": "Feature",
      "properties": {
        "Name": "JAL130971",
        "styleUrl": "#m_ylw-pushpin",
        "source_layer": "REPDA Descarga",
        "source_document": "REPDA.csv"
      },
      "geometry": {
        "type": "Point",
        "coordinates": [
          -103.56861111111111,
          20.524166666666666
        ]
      }
    },
    {
      "type": "Feature",
      "properties": {
        "Name": "08JAL131449/12AMDA17",
        "styleUrl": "#m_ylw-pushpin",
        "source_layer": "REPDA Descarga",
        "source_document": "REPDA.csv"
      },
      "geometry": {
        "type": "Point",
        "coordinates": [
          -103.57249999999999,
          20.602222222222224
        ]
      }
    },
    {
      "type": "Feature",
      "properties": {
        "Name": "08JAL131450/12EMDA18",
        "styleUrl": "#m_ylw-pushpin",
        "source_layer": "REPDA Descarga",
        "source_document": "REPDA.csv"
      },
      "geometry": {
        "type": "Point",
        "coordinates": [
          -103.48883333333333,
          20.552666666666667
        ]
      }
    },
    {
      "type": "Feature",
      "properties": {
        "Name": "JAL131447",
        "styleUrl": "#m_ylw-pushpin",
        "source_layer": "REPDA Descarga",
        "source_document": "REPDA.csv"
      },
      "geometry": {
        "type": "Point",
        "coordinates": [
          -103.45138922222222,
          20.485835194444444
        ]
      }
    },
    {
      "type": "Feature",
      "properties": {
        "Name": "08JAL129482/12IMDA18",
        "styleUrl": "#m_ylw-pushpin",
        "source_layer": "REPDA Descarga",
        "source_document": "REPDA.csv"
      },
      "geometry": {
        "type": "Point",
        "coordinates": [
          -103.50222222222222,
          20.534444444444446
        ]
      }
    },
    {
      "type": "Feature",
      "properties": {
        "Name": "JAL129655",
        "styleUrl": "#m_ylw-pushpin",
        "source_layer": "REPDA Descarga",
        "source_document": "REPDA.csv"
      },
      "geometry": {
        "type": "Point",
        "coordinates": [
          -103.51222222222222,
          20.44527777777778
        ]
      }
    },
    {
      "type": "Feature",
      "properties": {
        "Name": "08JAL129893/12AMDA17",
        "styleUrl": "#m_ylw-pushpin",
        "source_layer": "REPDA Descarga",
        "source_document": "REPDA.csv"
      },
      "geometry": {
        "type": "Point",
        "coordinates": [
          -103.53055555555555,
          20.45611111111111
        ]
      }
    },
    {
      "type": "Feature",
      "properties": {
        "Name": "JAL129835",
        "styleUrl": "#m_ylw-pushpin",
        "source_layer": "REPDA Descarga",
        "source_document": "REPDA.csv"
      },
      "geometry": {
        "type": "Point",
        "coordinates": [
          -103.61166666666666,
          20.485555555555557
        ]
      }
    },
    {
      "type": "Feature",
      "properties": {
        "Name": "JAL129913",
        "styleUrl": "#m_ylw-pushpin",
        "source_layer": "REPDA Descarga",
        "source_document": "REPDA.csv"
      },
      "geometry": {
        "type": "Point",
        "coordinates": [
          -103.59555555555555,
          20.533333333333335
        ]
      }
    },
    {
      "type": "Feature",
      "properties": {
        "Name": "JAL129917",
        "styleUrl": "#m_ylw-pushpin",
        "source_layer": "REPDA Descarga",
        "source_document": "REPDA.csv"
      },
      "geometry": {
        "type": "Point",
        "coordinates": [
          -103.57694444444444,
          20.544444444444448
        ]
      }
    },
    {
      "type": "Feature",
      "properties": {
        "Name": "08JAL129763/12APGR06",
        "styleUrl": "#m_ylw-pushpin",
        "source_layer": "REPDA Descarga",
        "source_document": "REPDA.csv"
      },
      "geometry": {
        "type": "Point",
        "coordinates": [
          -103.60694444444444,
          20.56722222222222
        ]
      }
    },
    {
      "type": "Feature",
      "properties": {
        "Name": "08JAL129046/12EMGR06",
        "styleUrl": "#m_ylw-pushpin",
        "source_layer": "REPDA Descarga",
        "source_document": "REPDA.csv"
      },
      "geometry": {
        "type": "Point",
        "coordinates": [
          -103.49777777777778,
          20.463055555555556
        ]
      }
    },
    {
      "type": "Feature",
      "properties": {
        "Name": "08JAL128778/12AMOC25",
        "styleUrl": "#m_ylw-pushpin",
        "source_layer": "REPDA Descarga",
        "source_document": "REPDA.csv"
      },
      "geometry": {
        "type": "Point",
        "coordinates": [
          -103.50805555555556,
          20.468888888888888
        ]
      }
    },
    {
      "type": "Feature",
      "properties": {
        "Name": "08JAL129077/12AMDA16",
        "styleUrl": "#m_ylw-pushpin",
        "source_layer": "REPDA Descarga",
        "source_document": "REPDA.csv"
      },
      "geometry": {
        "type": "Point",
        "coordinates": [
          -103.54805555555555,
          20.42666666666667
        ]
      }
    },
    {
      "type": "Feature",
      "properties": {
        "Name": "08JAL129083/12AMDA16",
        "styleUrl": "#m_ylw-pushpin",
        "source_layer": "REPDA Descarga",
        "source_document": "REPDA.csv"
      },
      "geometry": {
        "type": "Point",
        "coordinates": [
          -103.54694444444445,
          20.461388888888887
        ]
      }
    },
    {
      "type": "Feature",
      "properties": {
        "Name": "JAL128615",
        "styleUrl": "#m_ylw-pushpin",
        "source_layer": "REPDA Descarga",
        "source_document": "REPDA.csv"
      },
      "geometry": {
        "type": "Point",
        "coordinates": [
          -103.62083366666666,
          20.490281055555556
        ]
      }
    },
    {
      "type": "Feature",
      "properties": {
        "Name": "08JAL127832/12FPDA18",
        "styleUrl": "#m_ylw-pushpin",
        "source_layer": "REPDA Descarga",
        "source_document": "REPDA.csv"
      },
      "geometry": {
        "type": "Point",
        "coordinates": [
          -103.49777777777778,
          20.481666666666666
        ]
      }
    },
    {
      "type": "Feature",
      "properties": {
        "Name": "JAL128776",
        "styleUrl": "#m_ylw-pushpin",
        "source_layer": "REPDA Descarga",
        "source_document": "REPDA.csv"
      },
      "geometry": {
        "type": "Point",
        "coordinates": [
          -103.47555588888889,
          20.534447111111113
        ]
      }
    },
    {
      "type": "Feature",
      "properties": {
        "Name": "JAL128462",
        "styleUrl": "#m_ylw-pushpin",
        "source_layer": "REPDA Descarga",
        "source_document": "REPDA.csv"
      },
      "geometry": {
        "type": "Point",
        "coordinates": [
          -103.50438888888888,
          20.511666666666667
        ]
      }
    },
    {
      "type": "Feature",
      "properties": {
        "Name": "JAL128123",
        "styleUrl": "#m_ylw-pushpin",
        "source_layer": "REPDA Descarga",
        "source_document": "REPDA.csv"
      },
      "geometry": {
        "type": "Point",
        "coordinates": [
          -103.57138888888889,
          20.52111111111111
        ]
      }
    },
    {
      "type": "Feature",
      "properties": {
        "Name": "JAL128162",
        "styleUrl": "#m_ylw-pushpin",
        "source_layer": "REPDA Descarga",
        "source_document": "REPDA.csv"
      },
      "geometry": {
        "type": "Point",
        "coordinates": [
          -103.55361111111111,
          20.503055555555555
        ]
      }
    },
    {
      "type": "Feature",
      "properties": {
        "Name": "JAL128175",
        "styleUrl": "#m_ylw-pushpin",
        "source_layer": "REPDA Descarga",
        "source_document": "REPDA.csv"
      },
      "geometry": {
        "type": "Point",
        "coordinates": [
          -103.56425,
          20.486472222222222
        ]
      }
    },
    {
      "type": "Feature",
      "properties": {
        "Name": "08JAL127912/12AMGR05",
        "styleUrl": "#m_ylw-pushpin",
        "source_layer": "REPDA Descarga",
        "source_document": "REPDA.csv"
      },
      "geometry": {
        "type": "Point",
        "coordinates": [
          -102.57333333333332,
          20.52722222222222
        ]
      }
    },
    {
      "type": "Feature",
      "properties": {
        "Name": "08JAL127215/12APGR04",
        "styleUrl": "#m_ylw-pushpin",
        "source_layer": "REPDA Descarga",
        "source_document": "REPDA.csv"
      },
      "geometry": {
        "type": "Point",
        "coordinates": [
          -103.49222222222222,
          20.474444444444444
        ]
      }
    },
    {
      "type": "Feature",
      "properties": {
        "Name": "08JAL104885/12FMGR04",
        "styleUrl": "#m_ylw-pushpin",
        "source_layer": "REPDA Descarga",
        "source_document": "REPDA.csv"
      },
      "geometry": {
        "type": "Point",
        "coordinates": [
          -103.4925,
          20.48888888888889
        ]
      }
    },
    {
      "type": "Feature",
      "properties": {
        "Name": "JAL123540",
        "styleUrl": "#m_ylw-pushpin",
        "source_layer": "REPDA Descarga",
        "source_document": "REPDA.csv"
      },
      "geometry": {
        "type": "Point",
        "coordinates": [
          -103.48916666666666,
          20.497777777777777
        ]
      }
    },
    {
      "type": "Feature",
      "properties": {
        "Name": "JAL126924",
        "styleUrl": "#m_ylw-pushpin",
        "source_layer": "REPDA Descarga",
        "source_document": "REPDA.csv"
      },
      "geometry": {
        "type": "Point",
        "coordinates": [
          -103.47722222222222,
          20.503333333333334
        ]
      }
    },
    {
      "type": "Feature",
      "properties": {
        "Name": "08JAL127095",
        "styleUrl": "#m_ylw-pushpin",
        "source_layer": "REPDA Descarga",
        "source_document": "REPDA.csv"
      },
      "geometry": {
        "type": "Point",
        "coordinates": [
          -103.57166713888888,
          20.526944888888888
        ]
      }
    },
    {
      "type": "Feature",
      "properties": {
        "Name": "JAL126115",
        "styleUrl": "#m_ylw-pushpin",
        "source_layer": "REPDA Descarga",
        "source_document": "REPDA.csv"
      },
      "geometry": {
        "type": "Point",
        "coordinates": [
          -103.6061111111111,
          20.50861111111111
        ]
      }
    },
    {
      "type": "Feature",
      "properties": {
        "Name": "08JAL126104/12AMGR03",
        "styleUrl": "#m_ylw-pushpin",
        "source_layer": "REPDA Descarga",
        "source_document": "REPDA.csv"
      },
      "geometry": {
        "type": "Point",
        "coordinates": [
          -103.54722222222222,
          20.440277777777776
        ]
      }
    },
    {
      "type": "Feature",
      "properties": {
        "Name": "JAL126854",
        "styleUrl": "#m_ylw-pushpin",
        "source_layer": "REPDA Descarga",
        "source_document": "REPDA.csv"
      },
      "geometry": {
        "type": "Point",
        "coordinates": [
          -103.57277925,
          20.498334583333335
        ]
      }
    },
    {
      "type": "Feature",
      "properties": {
        "Name": "08JAL126045/12APGR03",
        "styleUrl": "#m_ylw-pushpin",
        "source_layer": "REPDA Descarga",
        "source_document": "REPDA.csv"
      },
      "geometry": {
        "type": "Point",
        "coordinates": [
          -103.5,
          20.447222222222223
        ]
      }
    },
    {
      "type": "Feature",
      "properties": {
        "Name": "08JAL125575/12AMGR03",
        "styleUrl": "#m_ylw-pushpin",
        "source_layer": "REPDA Descarga",
        "source_document": "REPDA.csv"
      },
      "geometry": {
        "type": "Point",
        "coordinates": [
          -103.60305555555556,
          20.541111111111114
        ]
      }
    },
    {
      "type": "Feature",
      "properties": {
        "Name": "08JAL125673/12AMGR03",
        "styleUrl": "#m_ylw-pushpin",
        "source_layer": "REPDA Descarga",
        "source_document": "REPDA.csv"
      },
      "geometry": {
        "type": "Point",
        "coordinates": [
          -103.5213888888889,
          20.540000000000003
        ]
      }
    },
    {
      "type": "Feature",
      "properties": {
        "Name": "JAL126067",
        "styleUrl": "#m_ylw-pushpin",
        "source_layer": "REPDA Descarga",
        "source_document": "REPDA.csv"
      },
      "geometry": {
        "type": "Point",
        "coordinates": [
          -103.58083333333333,
          20.565555555555555
        ]
      }
    },
    {
      "type": "Feature",
      "properties": {
        "Name": "08JAL126707/12EMDA18",
        "styleUrl": "#m_ylw-pushpin",
        "source_layer": "REPDA Descarga",
        "source_document": "REPDA.csv"
      },
      "geometry": {
        "type": "Point",
        "coordinates": [
          -103.48847222222223,
          20.544555555555558
        ]
      }
    },
    {
      "type": "Feature",
      "properties": {
        "Name": "JAL126364",
        "styleUrl": "#m_ylw-pushpin",
        "source_layer": "REPDA Descarga",
        "source_document": "REPDA.csv"
      },
      "geometry": {
        "type": "Point",
        "coordinates": [
          -103.5175,
          20.477777777777778
        ]
      }
    },
    {
      "type": "Feature",
      "properties": {
        "Name": "08JAL126690/12AMGR03",
        "styleUrl": "#m_ylw-pushpin",
        "source_layer": "REPDA Descarga",
        "source_document": "REPDA.csv"
      },
      "geometry": {
        "type": "Point",
        "coordinates": [
          -103.49944444444445,
          20.434166666666666
        ]
      }
    },
    {
      "type": "Feature",
      "properties": {
        "Name": "JAL126456",
        "styleUrl": "#m_ylw-pushpin",
        "source_layer": "REPDA Descarga",
        "source_document": "REPDA.csv"
      },
      "geometry": {
        "type": "Point",
        "coordinates": [
          -103.52063922222221,
          20.54549752777778
        ]
      }
    },
    {
      "type": "Feature",
      "properties": {
        "Name": "08JAL125429/12AMGR01",
        "styleUrl": "#m_ylw-pushpin",
        "source_layer": "REPDA Descarga",
        "source_document": "REPDA.csv"
      },
      "geometry": {
        "type": "Point",
        "coordinates": [
          -102.47305555555556,
          20.490277777777777
        ]
      }
    },
    {
      "type": "Feature",
      "properties": {
        "Name": "08JAL126063/12APGR02",
        "styleUrl": "#m_ylw-pushpin",
        "source_layer": "REPDA Descarga",
        "source_document": "REPDA.csv"
      },
      "geometry": {
        "type": "Point",
        "coordinates": [
          -103.55111111111111,
          20.481666666666666
        ]
      }
    },
    {
      "type": "Feature",
      "properties": {
        "Name": "08JAL104738/12AMDA18",
        "styleUrl": "#m_ylw-pushpin",
        "source_layer": "REPDA Descarga",
        "source_document": "REPDA.csv"
      },
      "geometry": {
        "type": "Point",
        "coordinates": [
          -103.60766666666666,
          20.545333333333335
        ]
      }
    },
    {
      "type": "Feature",
      "properties": {
        "Name": "08JAL126066/12AMDA18",
        "styleUrl": "#m_ylw-pushpin",
        "source_layer": "REPDA Descarga",
        "source_document": "REPDA.csv"
      },
      "geometry": {
        "type": "Point",
        "coordinates": [
          -103.61027777777777,
          20.5125
        ]
      }
    },
    {
      "type": "Feature",
      "properties": {
        "Name": "08JAL126122/12AMDA19",
        "styleUrl": "#m_ylw-pushpin",
        "source_layer": "REPDA Descarga",
        "source_document": "REPDA.csv"
      },
      "geometry": {
        "type": "Point",
        "coordinates": [
          -103.54972222222221,
          20.49138888888889
        ]
      }
    },
    {
      "type": "Feature",
      "properties": {
        "Name": "08JAL125834/12GMGR02",
        "styleUrl": "#m_ylw-pushpin",
        "source_layer": "REPDA Descarga",
        "source_document": "REPDA.csv"
      },
      "geometry": {
        "type": "Point",
        "coordinates": [
          -103.49972222222222,
          20.434444444444445
        ]
      }
    },
    {
      "type": "Feature",
      "properties": {
        "Name": "08JAL125925/12FMDA17",
        "styleUrl": "#m_ylw-pushpin",
        "source_layer": "REPDA Descarga",
        "source_document": "REPDA.csv"
      },
      "geometry": {
        "type": "Point",
        "coordinates": [
          -103.49972222222222,
          20.46638888888889
        ]
      }
    },
    {
      "type": "Feature",
      "properties": {
        "Name": "08JAL125835/12AMGR02",
        "styleUrl": "#m_ylw-pushpin",
        "source_layer": "REPDA Descarga",
        "source_document": "REPDA.csv"
      },
      "geometry": {
        "type": "Point",
        "coordinates": [
          -103.55277777777778,
          20.425833333333333
        ]
      }
    },
    {
      "type": "Feature",
      "properties": {
        "Name": "JAL125682",
        "styleUrl": "#m_ylw-pushpin",
        "source_layer": "REPDA Descarga",
        "source_document": "REPDA.csv"
      },
      "geometry": {
        "type": "Point",
        "coordinates": [
          -103.55333366666666,
          20.497780916666667
        ]
      }
    },
    {
      "type": "Feature",
      "properties": {
        "Name": "08JAL125730/12GPGR02",
        "styleUrl": "#m_ylw-pushpin",
        "source_layer": "REPDA Descarga",
        "source_document": "REPDA.csv"
      },
      "geometry": {
        "type": "Point",
        "coordinates": [
          -103.49305555555556,
          20.473611111111108
        ]
      }
    },
    {
      "type": "Feature",
      "properties": {
        "Name": "JAL125029",
        "styleUrl": "#m_ylw-pushpin",
        "source_layer": "REPDA Descarga",
        "source_document": "REPDA.csv"
      },
      "geometry": {
        "type": "Point",
        "coordinates": [
          -103.553056,
          20.493058722222223
        ]
      }
    },
    {
      "type": "Feature",
      "properties": {
        "Name": "08JAL125032/12AMGR01",
        "styleUrl": "#m_ylw-pushpin",
        "source_layer": "REPDA Descarga",
        "source_document": "REPDA.csv"
      },
      "geometry": {
        "type": "Point",
        "coordinates": [
          -103.7213888888889,
          20.40111111111111
        ]
      }
    },
    {
      "type": "Feature",
      "properties": {
        "Name": "08JAL125022/12APGR01",
        "styleUrl": "#m_ylw-pushpin",
        "source_layer": "REPDA Descarga",
        "source_document": "REPDA.csv"
      },
      "geometry": {
        "type": "Point",
        "coordinates": [
          -103.72777777777777,
          20.392777777777777
        ]
      }
    },
    {
      "type": "Feature",
      "properties": {
        "Name": "08JAL124999/12ASGR01",
        "styleUrl": "#m_ylw-pushpin",
        "source_layer": "REPDA Descarga",
        "source_document": "REPDA.csv"
      },
      "geometry": {
        "type": "Point",
        "coordinates": [
          -103.7375,
          20.330555555555556
        ]
      }
    },
    {
      "type": "Feature",
      "properties": {
        "Name": "08JAL124954/12AMSG26",
        "styleUrl": "#m_ylw-pushpin",
        "source_layer": "REPDA Descarga",
        "source_document": "REPDA.csv"
      },
      "geometry": {
        "type": "Point",
        "coordinates": [
          -103.62444444444444,
          20.509722222222223
        ]
      }
    },
    {
      "type": "Feature",
      "properties": {
        "Name": "08JAL124904/12AMOC07",
        "styleUrl": "#m_ylw-pushpin",
        "source_layer": "REPDA Descarga",
        "source_document": "REPDA.csv"
      },
      "geometry": {
        "type": "Point",
        "coordinates": [
          -103.61722222222221,
          20.514444444444443
        ]
      }
    },
    {
      "type": "Feature",
      "properties": {
        "Name": "JAL124795",
        "styleUrl": "#m_ylw-pushpin",
        "source_layer": "REPDA Descarga",
        "source_document": "REPDA.csv"
      },
      "geometry": {
        "type": "Point",
        "coordinates": [
          -103.51583383333333,
          20.464166666666667
        ]
      }
    },
    {
      "type": "Feature",
      "properties": {
        "Name": "08JAL124640/12AMGR00",
        "styleUrl": "#m_ylw-pushpin",
        "source_layer": "REPDA Descarga",
        "source_document": "REPDA.csv"
      },
      "geometry": {
        "type": "Point",
        "coordinates": [
          -103.57722222222222,
          20.53611111111111
        ]
      }
    },
    {
      "type": "Feature",
      "properties": {
        "Name": "08JAL124266/12GPGR00",
        "styleUrl": "#m_ylw-pushpin",
        "source_layer": "REPDA Descarga",
        "source_document": "REPDA.csv"
      },
      "geometry": {
        "type": "Point",
        "coordinates": [
          -103.525,
          20.45722222222222
        ]
      }
    },
    {
      "type": "Feature",
      "properties": {
        "Name": "08JAL124265/12GMDA18",
        "styleUrl": "#m_ylw-pushpin",
        "source_layer": "REPDA Descarga",
        "source_document": "REPDA.csv"
      },
      "geometry": {
        "type": "Point",
        "coordinates": [
          -103.5286111111111,
          20.44686111111111
        ]
      }
    },
    {
      "type": "Feature",
      "properties": {
        "Name": "JAL124029",
        "styleUrl": "#m_ylw-pushpin",
        "source_layer": "REPDA Descarga",
        "source_document": "REPDA.csv"
      },
      "geometry": {
        "type": "Point",
        "coordinates": [
          -103.57948216666666,
          20.51225447222222
        ]
      }
    },
    {
      "type": "Feature",
      "properties": {
        "Name": "JAL123866",
        "styleUrl": "#m_ylw-pushpin",
        "source_layer": "REPDA Descarga",
        "source_document": "REPDA.csv"
      },
      "geometry": {
        "type": "Point",
        "coordinates": [
          -103.59194444444444,
          20.543333333333337
        ]
      }
    },
    {
      "type": "Feature",
      "properties": {
        "Name": "JAL123772",
        "styleUrl": "#m_ylw-pushpin",
        "source_layer": "REPDA Descarga",
        "source_document": "REPDA.csv"
      },
      "geometry": {
        "type": "Point",
        "coordinates": [
          -103.57632219444444,
          20.54012561111111
        ]
      }
    },
    {
      "type": "Feature",
      "properties": {
        "Name": "08JAL123562/12AMOC10",
        "styleUrl": "#m_ylw-pushpin",
        "source_layer": "REPDA Descarga",
        "source_document": "REPDA.csv"
      },
      "geometry": {
        "type": "Point",
        "coordinates": [
          -103.58388888888888,
          20.51833333333333
        ]
      }
    },
    {
      "type": "Feature",
      "properties": {
        "Name": "08JAL121119/12AMDA18",
        "styleUrl": "#m_ylw-pushpin",
        "source_layer": "REPDA Descarga",
        "source_document": "REPDA.csv"
      },
      "geometry": {
        "type": "Point",
        "coordinates": [
          -103.81277777777777,
          20.461666666666666
        ]
      }
    },
    {
      "type": "Feature",
      "properties": {
        "Name": "08JAL121131/14ALDA18",
        "styleUrl": "#m_ylw-pushpin",
        "source_layer": "REPDA Descarga",
        "source_document": "REPDA.csv"
      },
      "geometry": {
        "type": "Point",
        "coordinates": [
          -103.82083333333333,
          20.474999999999998
        ]
      }
    },
    {
      "type": "Feature",
      "properties": {
        "Name": "08JAL121142/12AMGR99",
        "styleUrl": "#m_ylw-pushpin",
        "source_layer": "REPDA Descarga",
        "source_document": "REPDA.csv"
      },
      "geometry": {
        "type": "Point",
        "coordinates": [
          -103.5261111111111,
          20.459722222222222
        ]
      }
    },
    {
      "type": "Feature",
      "properties": {
        "Name": "08JAL102993/12APGR99",
        "styleUrl": "#m_ylw-pushpin",
        "source_layer": "REPDA Descarga",
        "source_document": "REPDA.csv"
      },
      "geometry": {
        "type": "Point",
        "coordinates": [
          -103.49,
          20.475555555555555
        ]
      }
    },
    {
      "type": "Feature",
      "properties": {
        "Name": "08JAL103377/12AMDA17",
        "styleUrl": "#m_ylw-pushpin",
        "source_layer": "REPDA Descarga",
        "source_document": "REPDA.csv"
      },
      "geometry": {
        "type": "Point",
        "coordinates": [
          -103.55141666666667,
          20.470555555555553
        ]
      }
    },
    {
      "type": "Feature",
      "properties": {
        "Name": "08JAL104825/12AMGR99",
        "styleUrl": "#m_ylw-pushpin",
        "source_layer": "REPDA Descarga",
        "source_document": "REPDA.csv"
      },
      "geometry": {
        "type": "Point",
        "coordinates": [
          -103.6111111111111,
          20.538333333333334
        ]
      }
    },
    {
      "type": "Feature",
      "properties": {
        "Name": "08JAL103231/12AMOC11",
        "styleUrl": "#m_ylw-pushpin",
        "source_layer": "REPDA Descarga",
        "source_document": "REPDA.csv"
      },
      "geometry": {
        "type": "Point",
        "coordinates": [
          -103.58527777777778,
          20.495
        ]
      }
    },
    {
      "type": "Feature",
      "properties": {
        "Name": "JAL102871",
        "styleUrl": "#m_ylw-pushpin",
        "source_layer": "REPDA Descarga",
        "source_document": "REPDA.csv"
      },
      "geometry": {
        "type": "Point",
        "coordinates": [
          -103.48310294444444,
          20.524633333333334
        ]
      }
    },
    {
      "type": "Feature",
      "properties": {
        "Name": "08JAL103292/12APGR99",
        "styleUrl": "#m_ylw-pushpin",
        "source_layer": "REPDA Descarga",
        "source_document": "REPDA.csv"
      },
      "geometry": {
        "type": "Point",
        "coordinates": [
          -103.62166666666666,
          20.538611111111113
        ]
      }
    },
    {
      "type": "Feature",
      "properties": {
        "Name": "08JAL103449/12APGR99",
        "styleUrl": "#m_ylw-pushpin",
        "source_layer": "REPDA Descarga",
        "source_document": "REPDA.csv"
      },
      "geometry": {
        "type": "Point",
        "coordinates": [
          -103.63,
          20.516944444444444
        ]
      }
    },
    {
      "type": "Feature",
      "properties": {
        "Name": "08JAL116875/14ALGR99",
        "styleUrl": "#m_ylw-pushpin",
        "source_layer": "REPDA Descarga",
        "source_document": "REPDA.csv"
      },
      "geometry": {
        "type": "Point",
        "coordinates": [
          -103.81833333333333,
          20.4425
        ]
      }
    },
    {
      "type": "Feature",
      "properties": {
        "Name": "08JAL121150/14AMGR99",
        "styleUrl": "#m_ylw-pushpin",
        "source_layer": "REPDA Descarga",
        "source_document": "REPDA.csv"
      },
      "geometry": {
        "type": "Point",
        "coordinates": [
          -103.71111111111111,
          20.52472222222222
        ]
      }
    },
    {
      "type": "Feature",
      "properties": {
        "Name": "08JAL123086/12AMOC26",
        "styleUrl": "#m_ylw-pushpin",
        "source_layer": "REPDA Descarga",
        "source_document": "REPDA.csv"
      },
      "geometry": {
        "type": "Point",
        "coordinates": [
          -103.48833333333333,
          20.39472222222222
        ]
      }
    },
    {
      "type": "Feature",
      "properties": {
        "Name": "08JAL116973/12APGR99",
        "styleUrl": "#m_ylw-pushpin",
        "source_layer": "REPDA Descarga",
        "source_document": "REPDA.csv"
      },
      "geometry": {
        "type": "Point",
        "coordinates": [
          -103.45972222222223,
          20.56972222222222
        ]
      }
    },
    {
      "type": "Feature",
      "properties": {
        "Name": "08JAL118402/12AMOC26",
        "styleUrl": "#m_ylw-pushpin",
        "source_layer": "REPDA Descarga",
        "source_document": "REPDA.csv"
      },
      "geometry": {
        "type": "Point",
        "coordinates": [
          -103.57287222222222,
          20.50516111111111
        ]
      }
    },
    {
      "type": "Feature",
      "properties": {
        "Name": "08JAL121220/14AMGR99",
        "styleUrl": "#m_ylw-pushpin",
        "source_layer": "REPDA Descarga",
        "source_document": "REPDA.csv"
      },
      "geometry": {
        "type": "Point",
        "coordinates": [
          -103.75,
          20.439166666666665
        ]
      }
    },
    {
      "type": "Feature",
      "properties": {
        "Name": "08JAL121906/12HMGR99",
        "styleUrl": "#m_ylw-pushpin",
        "source_layer": "REPDA Descarga",
        "source_document": "REPDA.csv"
      },
      "geometry": {
        "type": "Point",
        "coordinates": [
          -103.615,
          20.522499999999997
        ]
      }
    },
    {
      "type": "Feature",
      "properties": {
        "Name": "08JAL121900/12HMGR99",
        "styleUrl": "#m_ylw-pushpin",
        "source_layer": "REPDA Descarga",
        "source_document": "REPDA.csv"
      },
      "geometry": {
        "type": "Point",
        "coordinates": [
          -103.64527777777778,
          20.556944444444444
        ]
      }
    },
    {
      "type": "Feature",
      "properties": {
        "Name": "08JAL121910/12HMGR99",
        "styleUrl": "#m_ylw-pushpin",
        "source_layer": "REPDA Descarga",
        "source_document": "REPDA.csv"
      },
      "geometry": {
        "type": "Point",
        "coordinates": [
          -103.63916666666667,
          20.496944444444445
        ]
      }
    },
    {
      "type": "Feature",
      "properties": {
        "Name": "08JAL122937/12HMGR99",
        "styleUrl": "#m_ylw-pushpin",
        "source_layer": "REPDA Descarga",
        "source_document": "REPDA.csv"
      },
      "geometry": {
        "type": "Point",
        "coordinates": [
          -103.41888888888889,
          20.46472222222222
        ]
      }
    },
    {
      "type": "Feature",
      "properties": {
        "Name": "08JAL123074/12AMGR99",
        "styleUrl": "#m_ylw-pushpin",
        "source_layer": "REPDA Descarga",
        "source_document": "REPDA.csv"
      },
      "geometry": {
        "type": "Point",
        "coordinates": [
          -103.61666666666666,
          20.361111111111114
        ]
      }
    },
    {
      "type": "Feature",
      "properties": {
        "Name": "08JAL121172/14AMGR99",
        "styleUrl": "#m_ylw-pushpin",
        "source_layer": "REPDA Descarga",
        "source_document": "REPDA.csv"
      },
      "geometry": {
        "type": "Point",
        "coordinates": [
          -103.85138888888888,
          20.448055555555555
        ]
      }
    },
    {
      "type": "Feature",
      "properties": {
        "Name": "08JAL121269/14AMGR99",
        "styleUrl": "#m_ylw-pushpin",
        "source_layer": "REPDA Descarga",
        "source_document": "REPDA.csv"
      },
      "geometry": {
        "type": "Point",
        "coordinates": [
          -103.8175,
          20.43
        ]
      }
    },
    {
      "type": "Feature",
      "properties": {
        "Name": "08JAL121909/12HMGR99",
        "styleUrl": "#m_ylw-pushpin",
        "source_layer": "REPDA Descarga",
        "source_document": "REPDA.csv"
      },
      "geometry": {
        "type": "Point",
        "coordinates": [
          -103.62138888888889,
          20.53777777777778
        ]
      }
    },
    {
      "type": "Feature",
      "properties": {
        "Name": "08JAL122924/12IPGR99",
        "styleUrl": "#m_ylw-pushpin",
        "source_layer": "REPDA Descarga",
        "source_document": "REPDA.csv"
      },
      "geometry": {
        "type": "Point",
        "coordinates": [
          -103.42500000000001,
          20.44388888888889
        ]
      }
    },
    {
      "type": "Feature",
      "properties": {
        "Name": "08JAL121141/14AMGR99",
        "styleUrl": "#m_ylw-pushpin",
        "source_layer": "REPDA Descarga",
        "source_document": "REPDA.csv"
      },
      "geometry": {
        "type": "Point",
        "coordinates": [
          -103.8475,
          20.41888888888889
        ]
      }
    },
    {
      "type": "Feature",
      "properties": {
        "Name": "08JAL122052/12AMDA18",
        "styleUrl": "#m_ylw-pushpin",
        "source_layer": "REPDA Descarga",
        "source_document": "REPDA.csv"
      },
      "geometry": {
        "type": "Point",
        "coordinates": [
          -103.57055555555556,
          20.497500000000002
        ]
      }
    },
    {
      "type": "Feature",
      "properties": {
        "Name": "08JAL122591/12EMGR05",
        "styleUrl": "#m_ylw-pushpin",
        "source_layer": "REPDA Descarga",
        "source_document": "REPDA.csv"
      },
      "geometry": {
        "type": "Point",
        "coordinates": [
          -103.50508333333333,
          20.287555555555556
        ]
      }
    },
    {
      "type": "Feature",
      "properties": {
        "Name": "08JAL104156/12AMOC09",
        "styleUrl": "#m_ylw-pushpin",
        "source_layer": "REPDA Descarga",
        "source_document": "REPDA.csv"
      },
      "geometry": {
        "type": "Point",
        "coordinates": [
          -103.58555555555554,
          20.521666666666665
        ]
      }
    },
    {
      "type": "Feature",
      "properties": {
        "Name": "08JAL122786/12IPGR99",
        "styleUrl": "#m_ylw-pushpin",
        "source_layer": "REPDA Descarga",
        "source_document": "REPDA.csv"
      },
      "geometry": {
        "type": "Point",
        "coordinates": [
          -103.61944444444444,
          20.514444444444443
        ]
      }
    },
    {
      "type": "Feature",
      "properties": {
        "Name": "08JAL121133/14AMGR99",
        "styleUrl": "#m_ylw-pushpin",
        "source_layer": "REPDA Descarga",
        "source_document": "REPDA.csv"
      },
      "geometry": {
        "type": "Point",
        "coordinates": [
          -103.88,
          20.495555555555555
        ]
      }
    },
    {
      "type": "Feature",
      "properties": {
        "Name": "08JAL122589/12APGR99",
        "styleUrl": "#m_ylw-pushpin",
        "source_layer": "REPDA Descarga",
        "source_document": "REPDA.csv"
      },
      "geometry": {
        "type": "Point",
        "coordinates": [
          -103.55611111111111,
          20.491944444444446
        ]
      }
    },
    {
      "type": "Feature",
      "properties": {
        "Name": "08JAL121138/14GPGR99",
        "styleUrl": "#m_ylw-pushpin",
        "source_layer": "REPDA Descarga",
        "source_document": "REPDA.csv"
      },
      "geometry": {
        "type": "Point",
        "coordinates": [
          -103.81194444444444,
          20.46861111111111
        ]
      }
    },
    {
      "type": "Feature",
      "properties": {
        "Name": "08JAL121160/14AMGR99",
        "styleUrl": "#m_ylw-pushpin",
        "source_layer": "REPDA Descarga",
        "source_document": "REPDA.csv"
      },
      "geometry": {
        "type": "Point",
        "coordinates": [
          -103.86805555555554,
          20.516944444444444
        ]
      }
    },
    {
      "type": "Feature",
      "properties": {
        "Name": "08JAL122578/12GPGR99",
        "styleUrl": "#m_ylw-pushpin",
        "source_layer": "REPDA Descarga",
        "source_document": "REPDA.csv"
      },
      "geometry": {
        "type": "Point",
        "coordinates": [
          -103.52638888888889,
          20.477777777777778
        ]
      }
    },
    {
      "type": "Feature",
      "properties": {
        "Name": "JAL122584",
        "styleUrl": "#m_ylw-pushpin",
        "source_layer": "REPDA Descarga",
        "source_document": "REPDA.csv"
      },
      "geometry": {
        "type": "Point",
        "coordinates": [
          -103.54688888888889,
          20.53052825
        ]
      }
    },
    {
      "type": "Feature",
      "properties": {
        "Name": "08JAL121019/14AMDA18",
        "styleUrl": "#m_ylw-pushpin",
        "source_layer": "REPDA Descarga",
        "source_document": "REPDA.csv"
      },
      "geometry": {
        "type": "Point",
        "coordinates": [
          -103.85555555555555,
          20.425555555555558
        ]
      }
    },
    {
      "type": "Feature",
      "properties": {
        "Name": "08JAL121020/14AMDA18",
        "styleUrl": "#m_ylw-pushpin",
        "source_layer": "REPDA Descarga",
        "source_document": "REPDA.csv"
      },
      "geometry": {
        "type": "Point",
        "coordinates": [
          -103.85944444444443,
          20.455
        ]
      }
    },
    {
      "type": "Feature",
      "properties": {
        "Name": "08JAL121051/12GMGR99",
        "styleUrl": "#m_ylw-pushpin",
        "source_layer": "REPDA Descarga",
        "source_document": "REPDA.csv"
      },
      "geometry": {
        "type": "Point",
        "coordinates": [
          -102.58694444444444,
          20.58611111111111
        ]
      }
    },
    {
      "type": "Feature",
      "properties": {
        "Name": "08JAL116985/12AMDA18",
        "styleUrl": "#m_ylw-pushpin",
        "source_layer": "REPDA Descarga",
        "source_document": "REPDA.csv"
      },
      "geometry": {
        "type": "Point",
        "coordinates": [
          -103.36333333333333,
          20.52611111111111
        ]
      }
    },
    {
      "type": "Feature",
      "properties": {
        "Name": "08JAL121017/14AMGR99",
        "styleUrl": "#m_ylw-pushpin",
        "source_layer": "REPDA Descarga",
        "source_document": "REPDA.csv"
      },
      "geometry": {
        "type": "Point",
        "coordinates": [
          -103.8411111111111,
          20.461111111111112
        ]
      }
    },
    {
      "type": "Feature",
      "properties": {
        "Name": "08JAL120548/12IPGR99",
        "styleUrl": "#m_ylw-pushpin",
        "source_layer": "REPDA Descarga",
        "source_document": "REPDA.csv"
      },
      "geometry": {
        "type": "Point",
        "coordinates": [
          -103.52083333333333,
          20.466666666666665
        ]
      }
    },
    {
      "type": "Feature",
      "properties": {
        "Name": "08JAL121008/12AMGR99",
        "styleUrl": "#m_ylw-pushpin",
        "source_layer": "REPDA Descarga",
        "source_document": "REPDA.csv"
      },
      "geometry": {
        "type": "Point",
        "coordinates": [
          -103.43,
          20.590833333333332
        ]
      }
    },
    {
      "type": "Feature",
      "properties": {
        "Name": "JAL116999",
        "styleUrl": "#m_ylw-pushpin",
        "source_layer": "REPDA Descarga",
        "source_document": "REPDA.csv"
      },
      "geometry": {
        "type": "Point",
        "coordinates": [
          -103.6975,
          20.555
        ]
      }
    },
    {
      "type": "Feature",
      "properties": {
        "Name": "08JAL116740/12ILGR99",
        "styleUrl": "#m_ylw-pushpin",
        "source_layer": "REPDA Descarga",
        "source_document": "REPDA.csv"
      },
      "geometry": {
        "type": "Point",
        "coordinates": [
          -103.49111111111111,
          20.4925
        ]
      }
    },
    {
      "type": "Feature",
      "properties": {
        "Name": "JAL120171",
        "styleUrl": "#m_ylw-pushpin",
        "source_layer": "REPDA Descarga",
        "source_document": "REPDA.csv"
      },
      "geometry": {
        "type": "Point",
        "coordinates": [
          -103.51222222222222,
          20.484166666666667
        ]
      }
    },
    {
      "type": "Feature",
      "properties": {
        "Name": "08JAL116684/12IMGR99",
        "styleUrl": "#m_ylw-pushpin",
        "source_layer": "REPDA Descarga",
        "source_document": "REPDA.csv"
      },
      "geometry": {
        "type": "Point",
        "coordinates": [
          -103.58972222222222,
          20.413888888888888
        ]
      }
    },
    {
      "type": "Feature",
      "properties": {
        "Name": "08JAL116862/12IPGR99",
        "styleUrl": "#m_ylw-pushpin",
        "source_layer": "REPDA Descarga",
        "source_document": "REPDA.csv"
      },
      "geometry": {
        "type": "Point",
        "coordinates": [
          -103.50972222222222,
          20.473888888888887
        ]
      }
    },
    {
      "type": "Feature",
      "properties": {
        "Name": "08JAL116739/12IPGR99",
        "styleUrl": "#m_ylw-pushpin",
        "source_layer": "REPDA Descarga",
        "source_document": "REPDA.csv"
      },
      "geometry": {
        "type": "Point",
        "coordinates": [
          -103.50361111111111,
          20.4025
        ]
      }
    },
    {
      "type": "Feature",
      "properties": {
        "Name": "08JAL116861/12APGR99",
        "styleUrl": "#m_ylw-pushpin",
        "source_layer": "REPDA Descarga",
        "source_document": "REPDA.csv"
      },
      "geometry": {
        "type": "Point",
        "coordinates": [
          -103.6413888888889,
          20.3925
        ]
      }
    },
    {
      "type": "Feature",
      "properties": {
        "Name": "08JAL117733/12HMGR99",
        "styleUrl": "#m_ylw-pushpin",
        "source_layer": "REPDA Descarga",
        "source_document": "REPDA.csv"
      },
      "geometry": {
        "type": "Point",
        "coordinates": [
          -103.56055555555555,
          20.47
        ]
      }
    },
    {
      "type": "Feature",
      "properties": {
        "Name": "08JAL117664",
        "styleUrl": "#m_ylw-pushpin",
        "source_layer": "REPDA Descarga",
        "source_document": "REPDA.csv"
      },
      "geometry": {
        "type": "Point",
        "coordinates": [
          -103.52027791666667,
          20.451110777777778
        ]
      }
    },
    {
      "type": "Feature",
      "properties": {
        "Name": "JAL119304",
        "styleUrl": "#m_ylw-pushpin",
        "source_layer": "REPDA Descarga",
        "source_document": "REPDA.csv"
      },
      "geometry": {
        "type": "Point",
        "coordinates": [
          -103.4907005,
          20.536166944444446
        ]
      }
    },
    {
      "type": "Feature",
      "properties": {
        "Name": "08JAL117731/12HMGR99",
        "styleUrl": "#m_ylw-pushpin",
        "source_layer": "REPDA Descarga",
        "source_document": "REPDA.csv"
      },
      "geometry": {
        "type": "Point",
        "coordinates": [
          -103.5736111111111,
          20.49388888888889
        ]
      }
    },
    {
      "type": "Feature",
      "properties": {
        "Name": "08JAL116643/12IMOC11",
        "styleUrl": "#m_ylw-pushpin",
        "source_layer": "REPDA Descarga",
        "source_document": "REPDA.csv"
      },
      "geometry": {
        "type": "Point",
        "coordinates": [
          -103.45,
          20.54527777777778
        ]
      }
    },
    {
      "type": "Feature",
      "properties": {
        "Name": "08JAL116648/12IPDA19",
        "styleUrl": "#m_ylw-pushpin",
        "source_layer": "REPDA Descarga",
        "source_document": "REPDA.csv"
      },
      "geometry": {
        "type": "Point",
        "coordinates": [
          -103.58638888888889,
          20.729999999999997
        ]
      }
    },
    {
      "type": "Feature",
      "properties": {
        "Name": "08JAL116639/14GPGR99",
        "styleUrl": "#m_ylw-pushpin",
        "source_layer": "REPDA Descarga",
        "source_document": "REPDA.csv"
      },
      "geometry": {
        "type": "Point",
        "coordinates": [
          -103.70027777777779,
          20.57361111111111
        ]
      }
    },
    {
      "type": "Feature",
      "properties": {
        "Name": "08JAL116656/12IPDA17",
        "styleUrl": "#m_ylw-pushpin",
        "source_layer": "REPDA Descarga",
        "source_document": "REPDA.csv"
      },
      "geometry": {
        "type": "Point",
        "coordinates": [
          -103.49166666666667,
          20.4625
        ]
      }
    },
    {
      "type": "Feature",
      "properties": {
        "Name": "08JAL118839/12GPGR99",
        "styleUrl": "#m_ylw-pushpin",
        "source_layer": "REPDA Descarga",
        "source_document": "REPDA.csv"
      },
      "geometry": {
        "type": "Point",
        "coordinates": [
          -103.53472222222221,
          20.46361111111111
        ]
      }
    },
    {
      "type": "Feature",
      "properties": {
        "Name": "08JAL116307/12ALGR99",
        "styleUrl": "#m_ylw-pushpin",
        "source_layer": "REPDA Descarga",
        "source_document": "REPDA.csv"
      },
      "geometry": {
        "type": "Point",
        "coordinates": [
          -103.39666666666668,
          20.566111111111113
        ]
      }
    },
    {
      "type": "Feature",
      "properties": {
        "Name": "08JAL113848/12GPGR99",
        "styleUrl": "#m_ylw-pushpin",
        "source_layer": "REPDA Descarga",
        "source_document": "REPDA.csv"
      },
      "geometry": {
        "type": "Point",
        "coordinates": [
          -103.5425,
          20.479444444444443
        ]
      }
    },
    {
      "type": "Feature",
      "properties": {
        "Name": "08JAL115928/12APGR99",
        "styleUrl": "#m_ylw-pushpin",
        "source_layer": "REPDA Descarga",
        "source_document": "REPDA.csv"
      },
      "geometry": {
        "type": "Point",
        "coordinates": [
          -103.55916666666667,
          20.494722222222222
        ]
      }
    },
    {
      "type": "Feature",
      "properties": {
        "Name": "08JAL115923",
        "styleUrl": "#m_ylw-pushpin",
        "source_layer": "REPDA Descarga",
        "source_document": "REPDA.csv"
      },
      "geometry": {
        "type": "Point",
        "coordinates": [
          -103.52250049999999,
          20.535558833333337
        ]
      }
    },
    {
      "type": "Feature",
      "properties": {
        "Name": "08JAL115572/12AMDA18",
        "styleUrl": "#m_ylw-pushpin",
        "source_layer": "REPDA Descarga",
        "source_document": "REPDA.csv"
      },
      "geometry": {
        "type": "Point",
        "coordinates": [
          -103.65666666666667,
          20.520833333333332
        ]
      }
    },
    {
      "type": "Feature",
      "properties": {
        "Name": "08JAL115181/12IMDA18",
        "styleUrl": "#m_ylw-pushpin",
        "source_layer": "REPDA Descarga",
        "source_document": "REPDA.csv"
      },
      "geometry": {
        "type": "Point",
        "coordinates": [
          -103.61555555555555,
          20.52722222222222
        ]
      }
    },
    {
      "type": "Feature",
      "properties": {
        "Name": "JAL114057",
        "styleUrl": "#m_ylw-pushpin",
        "source_layer": "REPDA Descarga",
        "source_document": "REPDA.csv"
      },
      "geometry": {
        "type": "Point",
        "coordinates": [
          -103.62250033333332,
          20.531390138888888
        ]
      }
    },
    {
      "type": "Feature",
      "properties": {
        "Name": "08JAL114054/12APGR99",
        "styleUrl": "#m_ylw-pushpin",
        "source_layer": "REPDA Descarga",
        "source_document": "REPDA.csv"
      },
      "geometry": {
        "type": "Point",
        "coordinates": [
          -103.72166666666666,
          20.363611111111112
        ]
      }
    },
    {
      "type": "Feature",
      "properties": {
        "Name": "08JAL111081/12AMDA18",
        "styleUrl": "#m_ylw-pushpin",
        "source_layer": "REPDA Descarga",
        "source_document": "REPDA.csv"
      },
      "geometry": {
        "type": "Point",
        "coordinates": [
          -103.66194444444444,
          20.51361111111111
        ]
      }
    },
    {
      "type": "Feature",
      "properties": {
        "Name": "08JAL113101/12AMGR99",
        "styleUrl": "#m_ylw-pushpin",
        "source_layer": "REPDA Descarga",
        "source_document": "REPDA.csv"
      },
      "geometry": {
        "type": "Point",
        "coordinates": [
          -103.50638888888889,
          20.449444444444445
        ]
      }
    },
    {
      "type": "Feature",
      "properties": {
        "Name": "08JAL112293/14IMDA17",
        "styleUrl": "#m_ylw-pushpin",
        "source_layer": "REPDA Descarga",
        "source_document": "REPDA.csv"
      },
      "geometry": {
        "type": "Point",
        "coordinates": [
          -103.55172222222222,
          20.480555555555554
        ]
      }
    },
    {
      "type": "Feature",
      "properties": {
        "Name": "08JAL112804/12IPGR99",
        "styleUrl": "#m_ylw-pushpin",
        "source_layer": "REPDA Descarga",
        "source_document": "REPDA.csv"
      },
      "geometry": {
        "type": "Point",
        "coordinates": [
          -103.53888888888889,
          20.485
        ]
      }
    },
    {
      "type": "Feature",
      "properties": {
        "Name": "08JAL112218/12AMGR99",
        "styleUrl": "#m_ylw-pushpin",
        "source_layer": "REPDA Descarga",
        "source_document": "REPDA.csv"
      },
      "geometry": {
        "type": "Point",
        "coordinates": [
          -103.50361111111111,
          20.43777777777778
        ]
      }
    },
    {
      "type": "Feature",
      "properties": {
        "Name": "08JAL112089/12IMDA18",
        "styleUrl": "#m_ylw-pushpin",
        "source_layer": "REPDA Descarga",
        "source_document": "REPDA.csv"
      },
      "geometry": {
        "type": "Point",
        "coordinates": [
          -103.48361111111112,
          20.4875
        ]
      }
    },
    {
      "type": "Feature",
      "properties": {
        "Name": "08JAL111835/12APGR99",
        "styleUrl": "#m_ylw-pushpin",
        "source_layer": "REPDA Descarga",
        "source_document": "REPDA.csv"
      },
      "geometry": {
        "type": "Point",
        "coordinates": [
          -103.53527777777778,
          20.53111111111111
        ]
      }
    },
    {
      "type": "Feature",
      "properties": {
        "Name": "08JAL111888/12AMDA15",
        "styleUrl": "#m_ylw-pushpin",
        "source_layer": "REPDA Descarga",
        "source_document": "REPDA.csv"
      },
      "geometry": {
        "type": "Point",
        "coordinates": [
          -103.50277777777778,
          20.45777777777778
        ]
      }
    },
    {
      "type": "Feature",
      "properties": {
        "Name": "08JAL111396/12AMDA18",
        "styleUrl": "#m_ylw-pushpin",
        "source_layer": "REPDA Descarga",
        "source_document": "REPDA.csv"
      },
      "geometry": {
        "type": "Point",
        "coordinates": [
          -103.59944444444444,
          20.403333333333332
        ]
      }
    },
    {
      "type": "Feature",
      "properties": {
        "Name": "08JAL105426/12APGR99",
        "styleUrl": "#m_ylw-pushpin",
        "source_layer": "REPDA Descarga",
        "source_document": "REPDA.csv"
      },
      "geometry": {
        "type": "Point",
        "coordinates": [
          -103.53555555555555,
          20.478888888888886
        ]
      }
    }
  ]
}